item_original_name,item_extracted_name,item_price
deviceModel,,
2 A2005,,
3, Samsung Galaxy A30s Dual SIM 64 GB Prism crush white 4 GB RAM ,1.111
3T, Celular Oneplus 3t Dual A3010 4g 64gb 5.5 16mp/16mp Cinza ,2.400
4047D,,
5, Samsung Galaxy J2 Core Dual SIM 16 GB Prata (Lavanda) 1 GB RAM ,519
5051J, Celular Alcatel Pop 4 5051j ,239
5056D,,
5056E,,
5T, Huawei Nova Series Nova 5t Dual SIM 128 GB Black 8 GB RAM ,2.800
6, Samsung Galaxy J4 Core Dual SIM 16 GB Preto 1 GB RAM ,619
6039J, Alcatel Idol 3 6039 Dual 4.7 4g 13mp 16gb Anatel Garantia ,629
6044D,,
6055B, Smartphone Alcatel Idol 4 6055b 16gb 3gb Ram 5.2 Novo ,549
62S, Celular 62s Mirage ,599
6T, Smartphone Oneplus 6t Mclaren 10gb/256gb Edição Limitada !! ,3.300
7 Voyager,,
705-G, Meizu M Series M5c Dual SIM 16 GB Preto 2 GB RAM ,499
8, Samsung Galaxy A30s Dual SIM 64 GB Prism crush white 4 GB RAM ,1.111
8050E, Alcatel 8050e (para Retirar Peças). ,250
82S, Celular 82s Em Perfeito Estado ,400
845 Joy, Smartphone LG Joy H222 Dual 4gb Cam 5mpx Open Box Anatel ,329
A10 Tablet MID70408B, Apple iPhone 7 128 GB Prata 2 GB RAM ,2.499
A1010, Moto G 16 Gb 2 Ram Preto ,600
A1601, Motorola One Vision Dual SIM 128 GB Azul-safira 4 GB RAM ,1.649
A2016a40, Celular Lenovo A2016a40 ,300
A2016b30, Lenovo Vibe B A2016b30 Dual 4g 8gb Cam 5mpx Open Box Anatel ,439
A2017,,
A2017G,,
A2017U,,
A3, Xiaomi Mi A3 Dual SIM 64 GB Acinzentado 4 GB RAM ,1.470
A3 PLUS, Alcatel A3 Plus Com Display Quebrado ,100
A3 XL, Smartphone Alcatel A3 Xl Dual 9008j Desbloqueado  Na Garanti ,600
A3300-GV, Celular Gradiente Gv230 Só Pega Brt 1 Chip. Envio Td.brasil ,99
A3_Pro, Xiaomi Mi A3 Dual SIM 64 GB Acinzentado 4 GB RAM ,1.470
A5, Umidigi A5 Pro Dual SIM 32 GB Breathing crystal 4 GB RAM ,1.195
A5 Pro, Umidigi A5 Pro Dual SIM 32 GB Breathing crystal 4 GB RAM ,1.195
A7, Apple iPhone 5s 16 GB Cinza-espacial 1 GB RAM ,899
A75, Celular Siemens A75 ,150
A7Pro,,
A8, Apple iPhone 6 16 GB Cinza-espacial 1 GB RAM ,1.754
ACTION-X3, LG Q Series Q6 32 GB Astro black 3 GB RAM ,794
ALCATEL 3C," Celular Alcatel 3c Novo, Fotos Reais Do Produto! ",550
ALCATEL ONETOUCH PIXI 3 (3.5)," Alcatel Pixi 4 4017 4017f - Dual, 3g, 8mp, 4gb - Novo ",349
ALCATEL ONETOUCH PIXI 3 (4.5), Alcatel Pixi 3 4028 - 4.5'' 8mp 3g Dual Chip - De Vitrine ,349
ALCATEL ONETOUCH PIXI 4 (4)," Alcatel Pixi 4 4017 4017f - Dual, 3g, 8mp, 4gb - Novo ",349
ALCATEL ONETOUCH POP 3 (5), Smartphone Alcatel 7040e 4gb Android 4.2 3g (mostruário) ,431
ALCATEL PIXI 4 (5), Alcatel Onetouch Pixi 4 5045 - 5'' 8gb 8mp 4g - De Vitrine ,449
AM530,,
ASUS Live, Asus ZenFone Live L1 ZA550KL (Snapdragon 425) Dual SIM 32 GB Preto-meia-noite 2 GB RAM ,789
ASUS ZenPad 3S 10,,
ASUS ZenPad Z8,,
ASUS_X00TD, Asus ZenFone Max Shot ZB634KL Dual SIM 64 GB Preto 4 GB RAM ,945
Alcatel 1," Alcatel Onetouch Pop C1 4015 - Dual Chip, 2mp - Novo ",299
Alcatel 1C," Alcatel Onetouch Pop C1 4015 - Dual Chip, 2mp - Novo ",299
Alcatel 1X, Celular ,3.000
Alcatel 3, Alcatel Idol 3 6039 Dual 4.7 4g 13mp 16gb Anatel Garantia ,629
Alcatel 5, Smartphone Alcatel A5 Led 5085j Dual Tela 5.2 16gb 16mp Novo ,579
Alcatel_4060A," Alcatel 3075m; Bluetooth E Wi-fi, Novo Lacrado Na Caixa. ",120
AllCall_S1_X, Smartphone Allcall Rio 16gb/1gb Ram Dourado Pronta Entrega ,399
Alpha, LG K Series K11 Alpha Dual SIM 16 GB Aurora black 2 GB RAM ,669
Alpha_X, LG K Series K11 Alpha Dual SIM 16 GB Aurora black 2 GB RAM ,669
Aquaris M5, Celular X8 M5 C6 Mini Ultra Fino Bluetooth - Pronta Entrega ,169
Aquaris U Plus,,
Aquaris U2, Ci Carga Tristar 1610a3 iPhone 5s 6 6p 6s 6sp Se Original U2 ,31
Aquaris V,,
Aquaris X,,
Aquaris X Pro,,
Aquaris X5, Smartphone Logic X5 Lite 5 3g 8gb Android 5.0 Preto ,370
Aristo,,
Armor 2, Ulefone Armor Series Armor 7 Dual SIM 128 GB Preto 8 GB RAM ,3.399
Armor_6E, Ulefone Armor Series Armor 7 Dual SIM 128 GB Preto 8 GB RAM ,3.399
Arnova 97 G4, Smartphone Lg G4 32gb H815 Original De Vitrine ,999
Ascend Y221, Motorola Moto G G (3rd Gen.) Dual SIM 16 GB Preto 2 GB RAM ,649
B2017G,,
B3-A40, Celular Lenovo C2 K10 A40 Sem Funcionar ,150
BL12000 PRO, Celular Doogee Bl12000 Capinha+película 4 Gb + 32 Gb Novo ,989
BL5000," Smartphone Doogee Bl5000 4gb, 64gb Fones De Ouvido Wireless ",999
BLADE A110, Zte Blade A110 - 8mp 4g 8gb Dual Chip Android - De Vitrine ,249
BLADE A310, Celular Ipro A30 Dual Sim Tela De 1.8 Com Camera E Radio Fm ,99
BLADE A512,,
BLADE A610,,
BLADE L110, Celular Zte Blade L110 Defeito (ler Descricao) 2/19 ,50
BLADE V0800,,
BLU Dash XL, Smartphone Blu Dash Xl {d710l} ,449
BLU Grand M, BLU Z5 Dual SIM 32 MB Cinza 32 MB RAM ,92
BLU S1, BLU Zoey Flex Dual SIM 32 MB Dourado 32 MB RAM ,550
BLU STUDIO J8 LTE, Celular Blu Studio J8 Lte Preço Negociável ,190
BLU VIVO XL2, Motorola Moto Z Z2 Play Dual SIM 64 GB Ouro-fino 4 GB RAM ,1.800
BLU Vivo 5 Mini, Celular Touch Blu 5 Mini ,195
BLade Zmax,,
BV6000,,
BlackBerry KEY2, Blackberry Key2 Versão 1 Sim 6gb/64gb Black ,1.400
Blade L5, Smartphone Zte Blade L5 Completo Envio Imediato Leia! ,130
Breeze 7Y2241, Conector Micro Usb Tablet Aoc Breeze Aoc 7 7y2241 Novo ,6
C103,,
C13 Pro, Nokia 6060 Para Retirada De Peças #c13-03 ,20
C30 Lite, Xiaomi Mi A2 Lite Dual SIM 64 GB Preto 4 GB RAM ,3.000
C5, TCL C5 Dual SIM 32 GB Preto 2 GB RAM ,597
C9," Smartphone Meizu C9 Preto, Tela 5.45 , 2gb+16gb, Dual Sim ",479
CPH1701,,
CPH1707,,
CPH1723,,
CPH1725,,
CPH1729,,
CPH1893,,
CUBOT X18, Celular Cubot X18 Plus ,700
CUBOT_POWER,,
Cat S61, CAT S61 64 GB Preto/Prata 4 GB RAM ,4.699
Chromebook,,
Chromebook 3,,
Chromebook C202SA/C300SA/C301SA,,
D100 (L20)," LG L20 Single D100 Processador Dual Core, Android 4.4, 2mp ",269
D105, Celular Lg D 105 Para Retirar Peças Os 0442 ,59
D10i,,
D175F L40, Smartphone LG D175f Original Pronta Entrega Leia O Anuncio ,69
D385 L Series III L80 TV Dual, Smartphone LG L80 Tv Dual D385 Android 4.4 Original Seminovo ,1.000
D685 G Pro Lite Dual, Lg G Pro Lite D685 Dual Chip - Android 4 - Bolha No Display ,399
D956 G Flex," LG G Flex D956 - 13mp, 4g, 32gb Wi-fi - Tela De Demonstração ",599
DL_3420, Samsung Galaxy A10s Dual SIM 32 GB Preto 2 GB RAM ,797
DROID RAZR HD, Celular Motorola Razer ,55
Dash X, Celular Blu Dash Jr Tv D141t Original Nota Fiscal Anatel ,139
Defy, Celular Motorola Mb526 Defy 3g Sucata Funcionando Ref: A124 ,39
Dream D1, Xiaomi Mi Max 3 Dual SIM 64 GB Dream gold 4 GB RAM ,1.499
E470f, Smartphone Lg E470f Branco Apenas Partes Pçs. Envio T.brasil ,18
E5006,,
ENERGY_DIAMOND_MINI, Smartphone Blu Energy X2 Dual 3g 5' 8gb Trocar A Tela ,100
Emulator,,
Energy X 2, Smartphone Blu Energy X2 Dual 3g 5' 8gb Trocar A Tela ,100
Energy X LTE, LG K Series K10 LTE Dual SIM 16 GB Dourado 1 GB RAM ,729
FIG-LX1, Celular Figo Orion M50l - 5.0 - Dual-sim - 16gb - 4g Lte ,828
FP2,,
FREDDY,,
FREETEL SAMURAI KIWAMI 2,,
FS8014,,
Fire HD 8 (2018),,
Fly, Celular Smartphone 2chips Android 7dualcore Tela 5 8gb Xfone ,239
FonePad ME371MG, Asus Fonepad 7 (me372cg) Faz Ligação Como Celular ,449
Fortune,,
G Pad 10.1,,
G Pad 8.0,,
G Stylo, Celular LG H 502 Para Retirar Peças Os 2325 ,149
G2 D802,,
G2 D805," LG G2 D805 - Android 4.2, 4g, Wi-fi, 13mp, 16gb - De Vitrine ",649
G2 mini D618, Smartphone LG G2 Mini 8gb D618 Desbloqueado Seminovo ,2.000
G3 Beat, Celular Lg G3 Beat Usado Seminovo Smartphone Preto Excelente ,599
G3 D855, LG G3 D855 - 16gb Com Carregador Sem Fio - De Vitrine ,699
G3 F400L LTE-A (LG B2), Lg G3 D855 16gb 4g Lte Titanio 13mp Original Vitrine ,489
G3 Stylus, Smartphone Lg G3 Stylus Dual D690n 8gb Dual Chip ,499
G4, Motorola Moto G G4 Plus Dual SIM 32 GB Preto 2 GB RAM ,999
G4 H818, LG G Series G4 32 GB Branco-cerâmica 3 GB RAM ,845
G4 Play, Motorola Moto G G4 Play Dual SIM 16 GB Preto 2 GB RAM ,749
G5, Motorola Moto G G5 Dual SIM 32 GB Ouro-fino 2 GB RAM ,819
G5 SE, Smartphone LG G5 H840 32gb Single Chip 4g Dourado Vitrine ,899
G6, Motorola Moto G G6 Plus Dual SIM 64 GB Índigo-escuro 4 GB RAM ,1.739
GALAXY J5 SM-J500H, Samsung Galaxy J5 Dual SIM 16 GB Preto 1.5 GB RAM ,799
GALAXY S5, * Promoção * Samsung Galaxy S5 16gb G900 Original - Vitrine ,698
GALAXY S5 (SM-G900H), Samsung Galaxy S5 Sm-g900m ,149
GALAXY TAB Lite (SM-T111M),,
GALAXY Tab 7.0 Plus (GT-P6200),,
GALAXY Trend Pro Dual (GT-S7582L), Samsung Galaxy Trend Gt-s7560m - No Estado (leia).. ,48
GAMEPAD2,,
GO3C, Semp GO! 3c Dual SIM 8 GB Preto 512 MB RAM ,299
GO5c, Smartphone Semp Go 5c 16gb Android 8.1 Oreo Preto ,330
GRAND 5.5 HD, Promoção Smartphone Blu Grand X Dual Sim Tela 5.0 Hd ,418
GS170,,
GT-B9062, Samsung Galaxy S4 16 GB Black mist 2 GB RAM ,729
GT-i9300I Galaxy SIII Neo+, Galaxy S3 Neo I9300i Para Retirar Peças Ref X14 ,30
Galaxy A10, Samsung Galaxy A10 Dual SIM 32 GB Preto 2 GB RAM ,819
Galaxy A10e, Samsung Galaxy 10.1 ,800
Galaxy A20, Samsung Galaxy A20 Dual SIM 32 GB Preto 3 GB RAM ,1.099
Galaxy A20e,,
Galaxy A3, Samsung Galaxy A3 Dual SIM 16 GB Preto-meia-noite 1 GB RAM ,699
Galaxy A3 Duos, Samsung Galaxy A3 Dual SIM 16 GB Preto-meia-noite 1 GB RAM ,699
Galaxy A3(2016), Celular Samsung Galaxy A3 2016 Usado Seminovo Muito Bom ,419
Galaxy A3(2017), Celular ,330
Galaxy A30, Samsung Galaxy A30 Dual SIM 64 GB Preto 4 GB RAM ,1.599
Galaxy A40, Compramos Samsung A40 Com Tela Quebrada ,100
Galaxy A5, Samsung Galaxy A5 (2016) Dual SIM 16 GB Preto 2 GB RAM ,999
Galaxy A5 Duos, Samsung Galaxy A5 (2016) Dual SIM 16 GB Preto 2 GB RAM ,999
Galaxy A5(2016), Samsung Galaxy A5 (2016) Dual SIM 16 GB Preto 2 GB RAM ,999
Galaxy A5(2017), Samsung Galaxy A5 (2017) 32 GB Preto 3 GB RAM ,1.250
Galaxy A50, Smartphone Samsung Galaxy A50 128gb And 9.0 Tela 6.4 C/ Nf ,1.999
Galaxy A6, Celular Samsung Galaxy A6+ 2018 Prata 4gb 64gb Tela 6.0 ,1.940
Galaxy A6+, Celular Samsung Galaxy A6+ 2018 Prata 4gb 64gb Tela 6.0 ,1.940
Galaxy A7, Smartphone Samsung Galaxy A7 A750g Dual Chip 64gb Lacrado ,1.300
Galaxy A7 (2018), Celular Samsung Galaxy A7 2018 64 Gb Preto Usado Muito Bom ,959
Galaxy A7 Duos, Samsung Galaxy A7 2017 A720 - Dual 64gb 16mp 4g - Mostruário ,999
Galaxy A7(2016), Celular Samsung Galaxy A7 2016 16gb ,450
Galaxy A7(2017), Samsung Galaxy A7 2017 A720 - Dual 64gb 16mp 4g - Mostruário ,999
Galaxy A70, Samsung Galaxy A70 Dual SIM 128 GB Preto 6 GB RAM ,2.399
Galaxy A8, Samsung Galaxy A8+ Dual SIM 64 GB Preto 4 GB RAM ,2.571
Galaxy A8 Star, Samsung Galaxy A8+ Dual SIM 64 GB Preto 4 GB RAM ,2.571
Galaxy A8(2018)," Samsung Galaxy A8 A530 / Dual, 64gb, 4g, 16mp - Mostruário ",1.100
Galaxy A8+(2018), Celular Samsung Galaxy A6+ 2018 Prata 4gb 64gb Tela 6.0 ,1.940
Galaxy A80, Samsung Galaxy A80 Dual SIM 128 GB Phantom black 8 GB RAM ,2.699
Galaxy A8s, Samsung A8s ,2.900
Galaxy A9 (2018), Samsung Galaxy A9 (2018) 128 GB Preto-caviar 6 GB RAM ,2.585
Galaxy A9 Pro, Celular Galaxy 9 Pro6 32 Gb Duos Dourado ,700
Galaxy A9s, Samsung Galaxy J1 Mini Dual SIM 8 GB Branco 1 GB RAM ,529
Galaxy Ace 4," Samsung Galaxy Ace 4 Neo G318 Ml/ds - 3g, Dual - Novo ",369
Galaxy Ace 4 Lite, Galaxy Ace4 3g 4gb Problema No Autofalante E Está Lento ,100
Galaxy Ace 4 Neo," Samsung Galaxy Ace 4 Neo G318 Ml/ds - 3g, Dual - Novo ",369
Galaxy Alpha," Samsung Galaxy Alpha G850 32gb, 12mp, 4g - De Vitrine ",699
Galaxy C5, Celular Samsung C5 4 Gb Ram + 32 Gb De Memória Interna ,799
Galaxy C7, Celular Nokia C7 Lg Sony Samsung Siemens Zte ,400
Galaxy C9 Pro, Smartphone Samsung Galaxy C9 Pro 64gb Tela 6 6gb Ram ,840
Galaxy Core, Samsung Galaxy J2 Core Dual SIM 16 GB Prata (Lavanda) 1 GB RAM ,519
Galaxy Core II (SM-G355H),,
Galaxy Core II Duos, Samsung Galaxy J2 Core Dual SIM 16 GB Prata (Lavanda) 1 GB RAM ,519
Galaxy Core LTE (SM-G386F), Samsung Galaxy J2 Core Dual SIM 16 GB Prata (Lavanda) 1 GB RAM ,519
Galaxy Core Plus Duos TV SM-G3502T, Celular Samsung Galaxy Core Plus G3502t Duos 4gb Rom 3g Tv ,425
Galaxy Core Prime, Samsung Galaxy J4 Core Dual SIM 16 GB Preto 1 GB RAM ,619
Galaxy E5 Duos, Samsung Galaxy A5 (2016) Dual SIM 16 GB Dourado 2 GB RAM ,999
Galaxy E7, Smartphone Samsung Galaxy E7 E700m 16gb Seminovo ,599
Galaxy Fame Duos GT-S6812B, Samsung Galaxy Fame Branco Dual Chip. Pronta Entrega!! ,89
Galaxy Fame Lite Duos, Samsung Galaxy Fame Lite Duos Gt-s6792l ,170
Galaxy Gran Neo Duos (GT-I9063T), Samsung Galaxy Gran Neo Duos Gt-i9063t ,400
Galaxy Grand (GT-I9082), Kit 5 Proteçao Para Smartphone Galaxy Gran Duos Gt-i9082 ,22
Galaxy Grand 2 Duos (SM-G7102T), Celular Samsung Galaxy Grand 2duos Tv Sm-g7102t Não Liga Ler ,95
Galaxy Grand 2 SM-G7102," Smartphone Galaxy Gran Ii Sm-g7102, 3g Android 4.3 Quad Cor. ",900
Galaxy Grand Duos (GT-I9082L), Falta O Touch Só ,150
Galaxy Grand Neo, Samsung Galaxy Gran Neo Duos 8gb Seminovo ,2.000
Galaxy Grand Neo (GT-I9060),,
Galaxy Grand Prime, Samsung Galaxy Gran Prime G530 Duos Tela 5 8gb Anatel ,529
Galaxy Grand Prime Duos TV, Celular Samsung Gram Prime Sem Detalhes ,290
Galaxy Grand Prime Pro, Samsung 2018 Galaxy Grand Prime Pro Sm-j250f 16gb 4g Dual ,698
Galaxy J1, Samsung Galaxy J1 (2016) Dual SIM 8 GB Dourado 1 GB RAM ,529
Galaxy J1 Ace, Celular Samsung Galaxy J1 Ace - Sm J110m Funcionando ,169
Galaxy J1 Mini, Samsung Galaxy J1 Mini Dual SIM 8 GB Dourado 1 GB RAM ,529
Galaxy J1 Mini Prime, Celular Smartphone Galaxy J1 Prime Mini Duos 8gb ,250
Galaxy J1(2016), Samsung Galaxy J1 (2016) Dual SIM 8 GB Dourado 1 GB RAM ,529
Galaxy J100, Smartphone Galaxy J1 Duos J100 Defeito Touch ,65
Galaxy J2, Samsung Galaxy J2 Core Dual SIM 16 GB Prata (Lavanda) 1 GB RAM ,519
Galaxy J2 Core, Samsung Galaxy J2 Core Dual SIM 16 GB Prata (Lavanda) 1 GB RAM ,519
Galaxy J2 Prime, Samsung Galaxy J2 Prime Dual SIM 16 GB Preto 1.5 GB RAM ,748
Galaxy J2 Pro, Celular Samsung Galaxy J2 Pro Usado Seminovo Mt Bom ,439
Galaxy J3, Samsung Galaxy J3 (2016) Dual SIM 8 GB Dourado 1.5 GB RAM ,579
Galaxy J3 Pop, Samsung Galaxy J3 (2016) Dual SIM 8 GB Dourado 1.5 GB RAM ,579
Galaxy J3 Pro, Celular J3 ,80
Galaxy J3(2016), Samsung Galaxy J3 (2016) Dual SIM 8 GB Dourado 1.5 GB RAM ,579
Galaxy J3(2017), Sansung J3 ,100
Galaxy J4, Samsung Galaxy J4 Core Dual SIM 16 GB Preto 1 GB RAM ,619
Galaxy J4 Core, Samsung Galaxy J4 Core Dual SIM 16 GB Preto 1 GB RAM ,619
Galaxy J4+, Galaxy J4+ ,600
Galaxy J5 Duos TD-LTE, Samsung Galaxy J5 Dual SIM 16 GB Preto 1.5 GB RAM ,799
Galaxy J5 LTE, Samsung Galaxy J5 Prime Metal 32gb 2gb Ram 4g Lte Dual Chip ,460
Galaxy J5 Prime, Samsung Galaxy J5 Prime 32gb Seminovo C/mancha De Luz ,524
Galaxy J5(2016), Celular Samsung Galaxy J5 2016 Metal Usado Seminovo Excelent ,429
Galaxy J5(2017), J5 2017 Dourado ,800
Galaxy J6, Samsung Galaxy J6 32 GB Preto 3 GB RAM ,1.850
Galaxy J6+, Samsung Galaxy J6 Plus J6+ 32gb Vitrine Leia Anuncio ,799
Galaxy J7, Samsung Galaxy J7 Neo TV 16 GB Preto 2 GB RAM ,1.148
Galaxy J7 Duo, J7 Duo Defeito ,110
Galaxy J7 Duos, Samsung Galaxy J7 Pro J730g 64gb Dual 4g Dourado Vitrine 1 ,899
Galaxy J7 Max, J7 Max Preto ,600
Galaxy J7 Neo, Samsung Galaxy J7 Neo TV 16 GB Preto 2 GB RAM ,1.148
Galaxy J7 Pop, Samsung Galaxy J7 Neo TV 16 GB Preto 2 GB RAM ,1.148
Galaxy J7 Prime, Celular Samsung Galaxy J7 Prime 2 32gb Usado Seminovo Mt Bom ,579
Galaxy J7 Prime 2 Duos, Samsung Galaxy A10s Dual SIM 32 GB Preto 2 GB RAM ,797
Galaxy J7 Prime2, Samsung Galaxy A10s Dual SIM 32 GB Preto 2 GB RAM ,797
Galaxy J7 Refine, Samsung Galaxy J7 Neo TV 16 GB Preto 2 GB RAM ,1.148
Galaxy J7(2016), Samsung Galaxy J7 2016 Metal Dourado 16gb Dual Chip Seminovo ,600
Galaxy J7(2017), Substituição Para Samsung Galaxy J7 Pro 2017 J730g J730 J730 ,268
Galaxy J8, Smartphone Samsung Galaxy J8 64gb Dual Chip Vitrine ,999
Galaxy K Zoom, Samsung Galaxy K Zoom C115 20.7mp 4g Wifi Android - Usado ,999
Galaxy M10, Samsung Galaxy M10 Dual SIM 32 GB Azul-oceano 3 GB RAM ,868
Galaxy M20, Samsung Galaxy M20 64gb 4gb Ram Infinity Display De 6.3 ,1.647
Galaxy M30, Peças Celular Samsung Galaxy M30 - Sm-m305m ,349
Galaxy Mega 5.8, Celular Samsung Mega Gt-i9152 Desm. Ap. Pçs. Envio Td.brasil ,19
Galaxy Nexus, Samsung Galaxy X Google Nexus Gt-i9250 16gb ,259
Galaxy Note, Samsung Galaxy Note8 Dual SIM 128 GB Preto-meia-noite 6 GB RAM ,2.399
Galaxy Note 10.1, Samsung Galaxy Note 10.1 ,250
Galaxy Note 3 3G, Smartphone Samsung Galaxy Note10 3g 256gb Dual Chip Sm-n970f ,5.235
Galaxy Note 3 LTE, Samsung Galaxy Note 3 Lte Sm-n9005 (retirada De Peças) ,150
Galaxy Note 3 LTE  SM-N900W8, Samsung Galaxy Note 3 Lte Sm-n9005 (retirada De Peças) ,150
Galaxy Note 3 LTE SM-N900A, Samsung Galaxy Note 3 Lte Sm-n9005 (retirada De Peças) ,150
Galaxy Note 3 Neo Duos SM-N7502, Samsung Galaxy Note 3 Neo Sm-n7502 (retirada De Peças) ,150
Galaxy Note 3 SM-N900V, Samsung Galaxy Note10 Dual SIM 256 GB Aura black 8 GB RAM ,3.699
Galaxy Note 4, Samsung Galaxy Note10+ Dual SIM 256 GB Aura black 12 GB RAM ,4.602
Galaxy Note 4 LTE, Samsung Galaxy Note9 N960u 128gb Unlocked 4g Lte Phone W/ Du ,2.999
Galaxy Note 5, Samsung Galaxy Note8 Dual SIM 128 GB Preto-meia-noite 6 GB RAM ,2.399
Galaxy Note 8.0 (GT-N5110),,
Galaxy Note Edge LTE, Samsung Galaxy Note10 Dual SIM 256 GB Aura black 8 GB RAM ,3.699
Galaxy Note Fan Edition, Chassis Original Samsung Galaxy Note 2014 Edition Sm-p601 ,49
Galaxy Note II, Lote Samsung Galaxy Note 2 N7100 Defeito Funcional Preço Uni ,140
Galaxy Note SM-P601, Chassis Original Samsung Galaxy Note 2014 Edition Sm-p601 ,49
Galaxy Note10, Samsung Galaxy Note10 Dual SIM 256 GB Aura black 8 GB RAM ,3.699
Galaxy Note10+, Samsung Galaxy Note10+ Dual SIM 256 GB Aura black 12 GB RAM ,4.602
Galaxy Note5, Samsung Galaxy Note8 Dual SIM 128 GB Preto-meia-noite 6 GB RAM ,2.399
Galaxy Note8, Samsung Galaxy Note8 Dual SIM 128 GB Preto-meia-noite 6 GB RAM ,2.399
Galaxy Note9, Samsung Galaxy Note9 Dual SIM 128 GB Midnight black 6 GB RAM ,3.460
Galaxy On Nxt, Celular Samsung Galaxy On7 Dourado ,300
Galaxy On5,,
Galaxy On5(2016), Samsung Galaxy A5 (2016) Dual SIM 16 GB Dourado 2 GB RAM ,999
Galaxy On7, Celular Samsung Galaxy On 7 16gb Usado Seminovo Muito Bom ,409
Galaxy Pocket 2, Smartphone Samsung Galaxy Pocket 2 Duos Sm-g110b- Defeito ,19
Galaxy Pocket Neo Duos GT-S5312, Celular Samsung Galaxy Pocket Neo Duos Gt-s5310b Para Peças ,30
Galaxy Pocket Neo GT-S5310, Celular Samsung S 5310 Para Retirar Peças Os 10110 ,39
Galaxy Pocket Neo S5310, Samsung Galaxy Pocket Neo S5310 3g Android 4.1 - Novo ,329
Galaxy S 5 (T-Mobile) [SM-G900T],,
Galaxy S Advance (GT-i9070/GT-i9070P), Samsung Galaxy A20s 32 GB Preto 3 GB RAM ,1.233
Galaxy S II (GT-I9100), Smartphone Samsung Galaxy S2 Com 16gb De Memória Preto ,451
Galaxy S II GT-S7273T, Celular Samsung Unico Dono Galaxy S Ii 2 Tv Compl Impec Caix ,320
Galaxy S III, Samsung Galaxy S III Mini 8 GB Pebble blue 1 GB RAM ,449
Galaxy S III mini (GT-I8200L), Samsung Galaxy S3 Mini Gt-i8200l (com Defeito) ,90
Galaxy S10, Samsung Galaxy S10 Dual SIM 128 GB Branco-prisma 8 GB RAM ,2.999
Galaxy S10+, Samsung Galaxy S10+ Dual SIM 128 GB Preto-prisma 8 GB RAM ,3.599
Galaxy S10e, Samsung Galaxy S10 Dual SIM 128 GB Branco-prisma 8 GB RAM ,2.999
Galaxy S3 Mini, Samsung Galaxy S III Mini 8 GB Pebble blue 1 GB RAM ,449
Galaxy S3 Neo(I9301I), Samsung Galaxy S Iii Neo Gt-i9301i Com Bateria ,370
Galaxy S3 Slim (SM-G3812B), Celular Samsung Sm-g3812b Usado S3 Semi Novo ,250
Galaxy S4, Samsung Galaxy S4 16 GB White frost 2 GB RAM ,1.360
Galaxy S4  GT-I9506, Celular Samsung Gt-i9506 Para Retirada De Peças Jsa ,65
Galaxy S4 Active  GT-I9295," Samsung Galaxy S4 Active I9295 - 4g, 8mp, 16gb - Novo ",999
Galaxy S4 Mini, Samsung Galaxy S4 Mini Duos Gt-i9192 8gb Tela 4 | Usado ,699
Galaxy S4 Value Edition (GT-I9515), Celular Samsung Gt I9515. Liga Mais Nao Da Image ,139
Galaxy S4 Value Edition (GT-I9515L), Samsung Galaxy S4 Value Edition Gt-i9515l Liga Com Defeito ,121
Galaxy S4 Zoom, Celular Samsung S4 Zoom - Tirar Peças Display Ok ,300
Galaxy S5 (AT&T) [SM-G900A],,
Galaxy S5 (SM-G900I), Samsung Galaxy S5 Sm-g900m ,149
Galaxy S5 (SM-G900K), Samsung Galaxy J2 Core Dual SIM 16 GB Prata (Lavanda) 1 GB RAM ,519
Galaxy S5 (SM-G900M), Smartphone Samsung Galaxy S5 16gb Original G900m Usado Ótimo ,579
Galaxy S5 Duos, Celular Samsung Galaxy S5 Mini Duos Tela 4.5 16gb Gps-azul ,1.300
Galaxy S5 LTE," Samsung Galaxy S5 4g 16gb, Câm 16mp Leia O Anúncio ",509
Galaxy S5 LTE-A (SM-G900W8), Smartphone Samsung S5 Duos 4g Sm-g900md ... Muito Novo !!! ,1.299
Galaxy S5 LTE-A SM-G900V, Smartphone Samsung S5 Duos 4g Sm-g900md ... Muito Novo !!! ,1.299
Galaxy S5 Mini, Celular Samsung Galaxy S5 Mini Duos Tela 4.5 16gb Gps-azul ,1.300
Galaxy S5 Neo, Samsung Galaxy S5 Neo Novo ,950
Galaxy S5 SM-G900, Samsung Galaxy S5 - Sm G900-p/retirada De Peças-frete Grátis ,149
Galaxy S6, Smartphone Samsung Galaxy S6 32gb Original G920 De Vitrine ,899
Galaxy S6 LTE-A, Samsung Galaxy J1 Mini Dual SIM 8 GB Branco 1 GB RAM ,529
Galaxy S6 edge, Celular Samsung Galaxy S6 Edge Original (venda No Estado) ,239
Galaxy S6 edge+, Samsung Galaxy S6 Edge Plus 32gb Usado Preto Bom ,1.049
Galaxy S7, Samsung Galaxy S7 - Impecavél!!! ,799
Galaxy S7 Active, Celular Samsung S7 Usado ,700
Galaxy S7 Edge, Kit 2 Samsung Galaxy S7 Edge 32gb + Samsung S5 Com Defeito ,500
Galaxy S8, Samsung Galaxy S8+ Dual SIM 64 GB Preto-meia-noite 4 GB RAM ,1.992
Galaxy S8+, Samsung Galaxy S8+ Dual SIM 64 GB Preto-meia-noite 4 GB RAM ,1.992
Galaxy S9, Samsung Galaxy S9 Dual SIM 128 GB Cinza-titânio 4 GB RAM ,2.288
Galaxy S9+, Samsung Galaxy S9+ Dual SIM 128 GB Cinza-titânio 6 GB RAM ,2.599
Galaxy Star Trios GT-S5283B, Celular Samsung Galaxy Star Trios 3 Chip Android Gt S5283b ,99
Galaxy Tab 2 (GT-P3100),,
Galaxy Tab 2 10.1, Galaxy Tab 2 10.1 Samsung Em Boas Condições De Uso ,400
Galaxy Tab 2 7.0 (WiFi), Smartphone Tablet Samsung Gtp5200 16 Gb Novo 10 Polegadas ,699
Galaxy Tab 3 10.1, Smartphone Tablet Samsung Gtp5200 16 Gb Novo 10 Polegadas ,699
Galaxy Tab 3 10.1 GT-P5200, Smartphone Tablet Samsung Gtp5200 16 Gb Novo 10 Polegadas ,699
Galaxy Tab 3 7.0,,
Galaxy Tab 3 Lite - 7, Samsung Galaxy Tab3 ,305
Galaxy Tab 3 V, Samsung Galaxy J2 Core Dual SIM 16 GB Prata (Lavanda) 1 GB RAM ,519
Galaxy Tab 4 10.1 (SM-T530),,
Galaxy Tab 4 10.1 3G, Smartphone Tablet Samsung Gtp5200 16 Gb Novo 10 Polegadas ,699
Galaxy Tab 4 8.0 3G (SM-T331),,
Galaxy Tab 4 SM-T330,,
"Galaxy Tab 9.7""", Samsung Galaxy Tab S2 Sm-t815 4g 32gb- Class Top A ,1.500
Galaxy Tab A, Samsung Galaxy Tab Pro 16gb Original Com Nf E Garantia 12x ,999
Galaxy Tab A (2017),,
"Galaxy Tab A (2018, 10.5)",,
"Galaxy Tab A (8.0"", 2019)",,
Galaxy Tab A 10.1, Galaxy Tab 2 10.1 Samsung Em Boas Condições De Uso ,400
Galaxy Tab A 7.0,,
Galaxy Tab A 8.0,,
Galaxy Tab A 9.7, Samsung Galaxy Tab S2 Sm-t815 4g 32gb- Class Top A ,1.500
Galaxy Tab A2 8.0, Samsung Galaxy Tab Pro 16gb Original Nf E Garant 12x S/juros ,999
Galaxy Tab E 9.6,,
Galaxy Tab Pro 10.1, Galaxy Tab 2 10.1 Samsung Em Boas Condições De Uso ,400
Galaxy Tab Pro 8.4 ( SM-T320), Sansung Tab Pro T320 8.4 Res 2500x1600p 32gb Sd Classe 10 ,800
Galaxy Tab S 10.5(SM-T800),,
Galaxy Tab S 8.4 (SM-T700),,
Galaxy Tab S 8.4 LTE SM-T705,,
Galaxy Tab S2 8.0,,
Galaxy Tab S2 9.7, Samsung Galaxy Tab S2 Sm-t815 4g 32gb- Class Top A ,1.500
Galaxy Tab S4,,
Galaxy Tab S5e,,
Galaxy Tab4 7.0, Samsung Galaxy A70 Dual SIM 128 GB Preto 6 GB RAM ,2.399
Galaxy Tab4 Active, Samsung Galaxy S10+ Dual SIM 128 GB Preto-prisma 8 GB RAM ,3.599
Galaxy TabA Plus 10.1, Galaxy Tab 2 10.1 Samsung Em Boas Condições De Uso ,400
Galaxy TabS 10.5,,
Galaxy TabS 8.4, Sansung Tab Pro T320 8.4 Res 2500x1600p 32gb Sd Classe 10 ,800
Galaxy TabS3, Samsung Galaxy Tab3 ,305
Galaxy Trend Lite  GT-S7390L, Samsung Galaxy Gt - S7390l ( Leia A Descrição ) ,45
Galaxy Trend Lite GT-S7392L DUOS, Celular Samsung Galaxy Trend Lite Gt-s7392l P/ Tirar Peças ,15
Galaxy Trend Plus GT-S7580,,
Galaxy Win 2 Duos TV,,
Galaxy WinDuos GT-I8552B, Celular Samsung Galaxy Win Gt-i8552b 5g Retirada De Peças Sg ,199
Galaxy Y Duos TV GT-S6313T, Celular Samsung Gt-s6313t Suporta Dois Chip De Qualquer Op ,159
Galaxy Young 2, Smartphone Samsung Galaxy Young 2 Duos Sm-g130bu/ds 4gb ,399
Galaxy Young Plus (GT-S6293T), Celular Samsung Galaxy Young Plus Android Gt S6293t Tv Digit ,119
Galaxy Young2, Smartphone Samsung Galaxy Young 2 Duos Sm-g130bu/ds 4gb ,399
Galaxy Young2 Pro, Smartphone Samsung Galaxy Young 2 Duos Sm-g130bu/ds 4gb ,399
Gigaset GS370_Plus,,
Glam,,
Glow, Smartphone Samsung Galaxy Note 10 256gb Dual 6.3 16mp Prata ,4.500
Go 2, Samsung Galaxy J2 Core Dual SIM 16 GB Prata (Lavanda) 1 GB RAM ,519
Google Nexus 7,,
Grand Energy," Samsung Galaxy Gran Prime G530mu - G530 4g, 8mp - Novo ",599
Grand MAX, Celular Blu Grand Max (defeito) ,79
Grand Prime Plus, Galaxy Grand Prime Plus (dual Sim)+capa+película+cartãosd4gb ,600
Grand S II,,
Grand X V970," Samsung Galaxy Gran Prime G530mu - G530 4g, 8mp - Novo ",599
Grand_M2, BLU Z5 Dual SIM 32 MB Cinza 32 MB RAM ,92
H206,,
HARRY,,
HM 2LTE-BR,,
HOT 4 PRO, Oukitel K Series K7 Dual SIM 64 GB Preto/Ouro 4 GB RAM ,1.700
HT-704,,
HT-705,,
HT16,,
HT704-G,,
HTC Bolt, Htc U12 Plus - 128gb ,3.899
HTC U11+, Htc U11 (sprint) 64gb/4gb Ram Azul Em Bom Estado ,900
HUAWEI GR3, Huawei P Series P30 Pro Dual SIM 256 GB Black 8 GB RAM ,4.540
HUAWEI GR5, Huawei P Series P30 Pro Dual SIM 256 GB Black 8 GB RAM ,4.540
HUAWEI Mat, Huawei Mate Series Mate 20 Pro 128 GB Twilight 6 GB RAM ,4.240
HUAWEI Mate 20 Pro, Huawei Mate Series Mate 20 Pro 128 GB Twilight 6 GB RAM ,4.240
HUAWEI Mate SE, Huawei Mate Se 64gb 100% Funcional Com Caixa E Procedência!! ,1.000
HUAWEI P smart, Huawei P Series P Smart 2019 Dual SIM 64 GB Azul-aurora 3 GB RAM ,1.669
HUAWEI P smart 2019, Huawei P Series P Smart 2019 Dual SIM 64 GB Azul-aurora 3 GB RAM ,1.669
HUAWEI P smart+ 2019,,
HUAWEI P10 lite, Celular Huawei P10 Lite ,669
HUAWEI P20 Lite, Huawei P20 Lite 32gb Android 8.0 Oreo Dual Sim Tela De 5.84 ,1.749
HUAWEI P30 Pro, Huawei P Series P30 Pro Dual SIM 256 GB Black 8 GB RAM ,4.540
HUAWEI P9 lite mini, Huawei P9 Lite 2016 ,900
HUAWEI Y5 2018,,
HUAWEI Y5 lite 2018,,
HUAWEI Y6 2018, Celular Huawei Y6 2018 16gb 2gb Azul + Nf ,949
HUAWEI Y6II, Huawei P Series P30 Pro Dual SIM 256 GB Black 8 GB RAM ,4.540
HUAWEI Y7 2018, Celular Huawey Y7 2019 3 32 Global Pronta Entrega Lacrado ,999
HUAWEI Y7 2019, Smartphone Huawei Y7 Pro - Global 4g + 64gb Azul ,1.590
HUAWEI Y9 2019, Huawei Y9 2019 64/3 Processador Hisilicon Kirin 710 ,870
HUAWEI nova, Huawei P Series P30 Pro Dual SIM 256 GB Black 8 GB RAM ,4.540
HUAWEI nova 2 Plus, Huawei P9 Plus ,2.790
HUAWEI nova 2 lite, Huawei P20 Lite 32gb Tela De 5.84 Câmera Dupla Dual Sim ,1.749
HUAWEI nova plus, Para Smartphones Samsung Galaxy iPhone Htc Huawei LG Plus ,106
Honor 10, Huawei Honor V10 - 6gb + 64gb - Pronta Entrega! Cor Azul ,2.290
Honor 10 Lite, Honor 10 Huawei ,300
Honor 4C, Honor 7A Dual SIM 32 GB Preto 3 GB RAM ,999
Honor 5A, Honor 7A Dual SIM 32 GB Preto 3 GB RAM ,999
Honor 5C, Apple iPhone 5c 8 GB Branco 1 GB RAM ,849
Honor 5X,,
Honor 7A, Honor 7A Dual SIM 32 GB Preto 3 GB RAM ,999
Honor 7X, Honor 7x 4g Ram 32g De Memória. ,700
Honor 8, Celular Huawei Honor Y5ll Cun-u29 Dual 8gb Original Vitrine ,558
Honor 8x, Huawei Honor 8x 64gb 4g Lacrado Notafiscal 4gbram 20mp ,1.999
Honor 9, Huawei Honor 9 6g 128gb Smart Global Version 5.15 Pol - Azul ,2.399
Honor 9 Lite, Honor 9 Litee ,650
Honor Note10," Huawei Honor Note 10 6gb 128gb Tela 6,95 Bateria 5000mah ",2.500
Honor Play, Huawei Honor Play ( Disponível) ,1.250
Honor V10, Huawei Honor V10 - 6gb + 64gb - Pronta Entrega! Cor Azul ,2.290
Honor V9, Huawei Honor V9 Black 6/128gb ,9.830
Honor View 10, Honor View 10 6gb / 128 Gb Dual 4g ,1.200
IDEOS S7,,
IDOL 5, Alcatel One Touch Idol Mini 6012e 8gb Dual Original ,284
Iconia One 7,,
Iconia One 7 B1-730HD,,
Ideatab A1000, Smartphone Lenovo A1000 Dual Chip Preto ,649
JERRY,,
K10, LG K Series K10 NOVO Dual SIM 32 GB Preto 2 GB RAM ,849
K10 (2017), LG K Series K10 NOVO Dual SIM 32 GB Preto 2 GB RAM ,849
K10 F670S, LG K Series K10 NOVO Dual SIM 32 GB Preto 2 GB RAM ,849
K10 LTE, LG K Series K10 LTE Dual SIM 16 GB Dourado 1 GB RAM ,729
K20, Xiaomi Mi 9T Dual SIM 128 GB Azul-glacial 6 GB RAM ,2.400
K20 Plus, Xiaomi K20 Pro 512 Gb 12gb Ram Exclusive Snap 855 + Plus Mi9 ,3.850
K3 2017,,
K3 LTE, LG K Series K10 LTE Dual SIM 16 GB Dourado 1 GB RAM ,729
K3 Note," Lenovo K3 Note Android Octa-core 4g Phone W/ 2gb Ram, 16gb R ",698
K4 LTE, LG K Series K4 Dual SIM 8 GB Branco 1 GB RAM ,499
K4/K7 (2017),,
K5, Lenovo Vibe Series Vibe K5 Dual SIM 16 GB Cinza-grafite 2 GB RAM ,619
K5 Note, Lenovo Note A7010 Vibe K4 K5 32gb 2ram 5.5lcd Dual Chip Bran ,630
K5 Plus," Lenovo K5 Play, 32 Gb Rom + 3 Ram ",740
K5000, Celular Oukitel K5000 5000mah ,150
K520, Vendo Um Lg -k520 Camera 13mp Frontal 8 Mp 2gb Ram ,990
K7, Oukitel K Series K7 Dual SIM 64 GB Preto/Ouro 4 GB RAM ,1.700
K8, LG K Series K8 Dual SIM 16 GB Dourado 1 GB RAM ,599
K8 (2017), LG K Series K8 (2017) Dual SIM 16 GB Dourado 1.5 GB RAM ,649
K8 (2017) Dual, LG K Series K8 (2017) Dual SIM 16 GB Dourado 1.5 GB RAM ,649
K8 Note,,
K8 Plus, Lenovo K Series K8 Plus Dual SIM 32 GB Fine gold 3 GB RAM ,745
K900,,
KIICAA MIX, Smartphone Leagoo Kiicaa Mix(display Infinito)pronta Entrega ,870
KIICAA POWER, Leagoo Kiicaa Power 3g Smartphone - 2 Gb De Ram 16gb Rom ,699
KING_KONG_3, Celular Dtc King Pro Dual Sim Mp4 Fm Tela 1.8'' B501 Azul ,120
KRZR K3, Samsung S3 Mini K3 ,200
L Fino,,
L20," LG L20 Single D100 Processador Dual Core, Android 4.4, 2mp ",269
L30 Sporty, Lg L30 Sporty ,350
L38011, K5 Play Câmera Dupla De 13 Mp ,700
L50 Dual TV (Sporty Dual), Celular-display Placa LG L50 D227 Sporty C/ Tv Dual Chip ,99
L70, Lg Magic Prata 49uf6900 70uf7300 40uf7700 43uf7700 49uf7700 ,399
L70 Dual D325, Celular Lg D 325 P/ Retirar Peças ,49
L90 Dual D410, Celular Lg D410 Funcionando Tem Trocar Touch Os 5113 ,149
LAI Zumbo S 2017 Lite,,
LENNY2,,
LENNY3,,
LG Aristo 3, LG K Series K40S Dual SIM 32 GB Aurora black 3 GB RAM ,679
LG Bello II, Celular Lg Bello 2 ,589
LG G4 Stylus, Celular LG G4 Stylus H630 16gb Usado Seminovo Excelente ,499
LG G7 ThinQ, LG G7 Thinq G710 Dual 4g 64gb Tela 6.1 Nacional Demonstração ,1.669
LG Joy, Smartphone LG Joy H222 Dual 4gb Cam 5mpx Open Box Anatel ,329
LG K40, LG K Series K40S Dual SIM 32 GB Moroccan blue 3 GB RAM ,736
LG K8(2018),,
LG Leon 4G LTE, Lg Leon Tv 4g 8gb Aparelho Todo Revisado ,250
LG Leon TV, Lg Leon Tv 4g 8gb Aparelho Todo Revisado ,250
LG Magna LTE, LG B220 Dual SIM 32 MB Preto 32 MB RAM ,92
LG Prime II, Smartphone LG Prime 2 X170ftv 8gb 3g Branco Vitrine 1 ,599
LG Prime Plus 4G, Celular LG Prime Plus 8gb Dual Chip C/ Acessórios + Caixa ,899
LG Q60, Smartphone LG Q60 6.26-inch 3gb / 64gb Dual Sim Desbloqueado ,1.850
LG Q7, LG Q7+ Plus 610ba Tv Digital Dual Chip 64 Gb - Demonstração ,899
LG Stylo 4,,
LG Tribute Dynasty,,
LG V35 ThinQ, Smartphone LG V35 Thinq Câmera Dupla 16mp E 128gb Ram Orig. ,2.799
LG Volt 4G, Lg Volt 4g ,299
LIFE ONE X2, Smartphone Blu Life One X2 5.2 4g 16gb 2gb Sensor Biometrico ,1.299
LIFE ONE X2 MINI, Smartphone Blu Life One X2 5.2 4g 16gb 2gb Sensor Biometrico ,1.299
LM-X520, Leeco Le S3/x520 ,650
LML413DL,,
Le 2, Celular Leeco Le 2 Pro 4gb Ram 32gb Rom (leia O Anuncio) ,350
Le Max2, Rebocador Scania S4 E S5 Le ,850
Le S3, Leeco Le X522 ,580
Le s2,,
Lenny4 Plus,,
Lenovo A5, Original Lenovo A5 4000 Mah Grande Bateria Mtk6739 16 3 Gb R ,1.235
Lenovo TAB 2 A10,,
Lenovo VIBE X3 Lite, Lenovo X3 Lite 4g Octa Core 2gb Ram 16gb + Imposto ,789
Lenovo Z2 Plus, Celular Lenovo Zuk Z2 Plus ,600
Leovo VIBE K6 Note, Celular Lenovo K6 Note 32gb Biometria Com Poucas Marcas Uso ,320
Life, Xiaomi Mi 8 Lite Dual SIM 64 GB Midnight black 4 GB RAM ,1.580
Life One X3, Smartphone Blu Life One X3 4g Dual Sim 5.5 Fhd 32gb/3gb ,1.099
Liquid Zest Plus,,
M1, Asus ZenFone Max M1 ZC520KL Dual SIM 32 GB Preto 2 GB RAM ,819
M10, Samsung Galaxy M10 Dual SIM 32 GB Azul-oceano 3 GB RAM ,868
M10A-Lite,,
M13, Celular Leagoo M13 4 32 Android 9.0 Global Pronta Entrega ,730
M4 SS4458,,
M5, Sony Xperia M5 16 GB Preto 3 GB RAM ,1.299
M6, Celular Meizu M6 Android Flyme Com Nf ,550
M6T,,
M7-3G PLUS,,
M7SQC Plus,,
M7s Quad Core,,
M8 Pro,,
M9, Celular V-mobile M9 64gb ,789
M9-3G,,
MAIMANG 6,,
MAX7,,
MI  PLAY, Xiaomi Mi Play Dual SIM 64 GB Black 4 GB RAM ,1.828
MI 4s, Celular Xiaomi Mi 4s ,500
MI 5X, Xiaomi Mi Note 10 Dual SIM 128 GB Branco glaciar 6 GB RAM ,3.394
MI 5s Plus,,
MI 6X, Xiaomi Mi A3 Dual SIM 128 GB Acinzentado 4 GB RAM ,1.559
MI 8 Lite, Xiaomi Mi 8 Lite Dual SIM 64 GB Midnight black 4 GB RAM ,1.580
MI 8 SE, Xiaomi Mi 9 SE Dual SIM 128 GB Azul-oceano 6 GB RAM ,3.100
MI 8 UD, Xiaomi Mi A2 Dual SIM 128 GB Dourado 6 GB RAM ,1.679
MI 9, Xiaomi Mi 9T Dual SIM 128 GB Azul-glacial 6 GB RAM ,2.400
MI 9 SE, Xiaomi Mi 9 SE Dual SIM 128 GB Azul-oceano 6 GB RAM ,3.100
MI CC 9, Xiaomi Not 10 6gb /128gb Rom Global ,3.340
MI MAX, Xiaomi Mi Max 3 Dual SIM 64 GB Dream gold 4 GB RAM ,1.499
MI MAX 2, Xiaomi Mi Max 3 Dual SIM 64 GB Dream gold 4 GB RAM ,1.499
MI MAX 3, Xiaomi Mi Max 3 Dual SIM 64 GB Dream gold 4 GB RAM ,1.499
MI Note 3, Xiaomi Mi A3 Dual SIM 64 GB Branco-puro 4 GB RAM ,1.595
MI6, Xiaomi Mi6 ,999
MIX, Xiaomi Mix 3 Dual SIM 128 GB Onyx black 6 GB RAM ,2.199
MIX 2, Xiaomi Mix 3 Dual SIM 128 GB Onyx black 6 GB RAM ,2.199
MIX 2S, Xiaomi Mi Mix 2s Dual Sim 64 Gb Preto 6 Gb Ram ,2.599
ML-JI11-M7_3G_PLUS,,
MS40G, Multilaser MS40G Dual SIM 8 GB Preto 512 MB RAM ,324
MS40s, Smartphone Ms40 3g 2chips 5mp 4pol Branco Multilaser Unidade ,505
MS45, Multilaser MS45 4G Dual SIM 8 GB Preto 1 GB RAM ,320
MS45 4G, Multilaser MS45 4G Dual SIM 8 GB Preto 1 GB RAM ,320
MS45S, Smartphone Ms45s Teen 3g Tela 4.5 Quad Core 8gb Android 6.0 ,339
MS50G, Multilaser MS50G Dual SIM 8 GB Preto 1 GB RAM ,419
MS50L, Multilaser MS50L Dual SIM 8 GB Grafite/Preto 1 GB RAM ,399
MS50L 4G, Multilaser MS50L Dual SIM 8 GB Grafite/Preto 1 GB RAM ,399
MS50M,,
MS50S, .Smartphone Ms50s 3g Tela 5 Dual Câmera 5mp + 8mp Android ,529
MS50X, Xiaomi Redmi Go Dual SIM 16 GB Preto 1 GB RAM ,562
MS50_4G, Multilaser MS50L Dual SIM 8 GB Grafite/Preto 1 GB RAM ,399
MS55, Celular Smartphone Multilaser Ms55 Dual Chip ,655
MS553,,
MS55M, Smartphone Ms55m 3g Tela 5.5 Pol. Android 7 Multilaser P9046 ,522
MS60, Multilaser MS40G Dual SIM 8 GB Branco 512 MB RAM ,303
MS60F, Multilaser Flip Vita Dual SIM 32 MB Vermelho/Preto 32 MB RAM ,195
MS60F Plus, Celular Smartphone Ms60f Plus Biometria Preto Multilaser ,736
MS60Z, Multilaser MS60Z Dual SIM 16 GB Preto 2 GB RAM ,740
MS70, Multilaser MS45 4G Dual SIM 8 GB Preto 1 GB RAM ,320
MS80," Smartphone Multilaser 32gb Dual 4g 5,7 7.1 20mp Ms80 -preto ",1.100
MS80X, Celular Multilaser Ms80x Com A Tela Quebrada ,399
MUV UP, Celular Smartphone Quantum Muv Up 32gb Usado Excelente ,709
MX, Apple iPhone XS Max Dual SIM 256 GB Cinza-espacial 4 GB RAM ,5.168
Magna H502, Lg H502 Prime Plus Defeito Tela ,189
Mate 10, Apple iPhone 7 32 GB Preto-fosco 2 GB RAM ,1.970
Mate 10 Pro, Celular Huawei Mate20 Pro Verde 8ram/256gb P Entrega Marcas ,3.490
Mate 10 lite, Huawei Mate 10 Lite 64gb Dual L23 4gb Ram Dual Cam Tela 5.9 ,3.637
Mate 20, Huawei Mate Series Mate 20 Pro 128 GB Twilight 6 GB RAM ,4.240
Mate 20 lite, Smartphone Huawei Mate 20 Lite 4gb Ram 64gb Dual Global ,1.419
Mate 9, Celular Huawei Mate 9 Pro Cor: Gold 128gb Dual Sim ,1.400
Mate 9Pro, Celular Huawei Mate 9 Pro Cor: Gold 128gb Dual Sim ,1.400
Max 4 Pro, Apple iPhone 11 Pro Max Dual SIM 64 GB Cinza-espacial 4 GB RAM ,7.000
MediaPad M3 Lite 10,,
MediaPad T3 7,,
Mi 5, Xiaomi Mi 8 Lite Dual SIM 64 GB Midnight black 4 GB RAM ,1.580
Mi 5s, Xiaomi Mi5s Prata 3gb/64gb Excelente Estado ,600
Mi 8, Xiaomi Mi 9T Dual SIM 64 GB Preto-carvão 6 GB RAM ,2.020
Mi A1, Celular Xiaomi Mi A1 Mia1 Tela 5.5 4g Ram 64gb 12mp Dual ,3.357
Mi A2, Xiaomi Mi A2 Lite Dual SIM 32 GB Preto 3 GB RAM ,1.199
Mi A2 Lite, Xiaomi Mi A2 Lite Dual SIM 64 GB Preto 4 GB RAM ,3.000
Mi A3, Xiaomi Mi A3 Dual SIM 64 GB Acinzentado 4 GB RAM ,1.470
Mi Note2, Xiaomi Mi Note 10 Dual SIM 128 GB Branco glaciar 6 GB RAM ,3.394
Mini S50,,
Mobi Tab, Lote De 4 Celulares No Estado Para Peças ,59
Motion, Smartphone Cce Motion Plus Sm70 - Defeito ,19
Motion Plus Sk351, Celular Cce Sk351 Para Retirada De Peças Ref: L97 ,30
Moto C, Motorola Moto G G (3rd Gen.) Dual SIM 16 GB Preto 2 GB RAM ,649
Moto C Plus, Motorola Moto C C Plus Dual SIM 8 GB Preto-brilhante 1 GB RAM ,549
Moto E (4) Plus, Celular Motorola Moto E4 Plus 16gb Usado Seminovo Muito Bom ,489
Moto E (5), Motorola Moto E E5 Dual SIM 16 GB Cinza-flash 2 GB RAM ,799
Moto E Dual SIM XT1022, Celular Motorola Moto E Dual Chip Xt1022 ,170
Moto E XT1025," Motorola Moto E Tv Xt1025 - Android, Dual Chip - De Vitrine ",429
Moto E2, Motorola Moto E 2ª Geração Dual Xt1523 16gb Dtv 4g Anatel ,499
Moto E3, Celular Motorola Moto E3 Xt1700 4g 8gb Branco ,599
Moto E4, Motorola Moto E E4 Dual SIM 16 GB Cinza-escuro 2 GB RAM ,799
Moto G, Motorola Moto G G8 Play Dual SIM 32 GB Knight gray 2 GB RAM ,879
Moto G (4) Play, Motorola Moto G G4 Play Dual SIM 16 GB Preto 2 GB RAM ,749
Moto G (5S), Motorola Moto G G5S Plus Dual SIM 32 GB Lunar gray 3 GB RAM ,1.100
Moto G (5S) Plus, Motorola Moto G G5S Plus Dual SIM 32 GB Lunar gray 3 GB RAM ,1.100
Moto G (5th Gen), Motorola Moto G G (3rd Gen.) Dual SIM 16 GB Preto 2 GB RAM ,649
Moto G 16GB (XT1034), Motorola Moto G Xt-1034 16gb 4.5 5mp Preto ,699
Moto G 2nd Gen, Motorola Moto G G (2nd Gen.) Dual SIM 8 GB Preto 1 GB RAM ,549
Moto G 4G, Motorola Moto G G8 Play Dual SIM 32 GB Knight gray 2 GB RAM ,879
Moto G 4G( XT1040), Celular Barato Motorola Moto G G1 Xt1040 8gb 4g - Vitrine ,299
Moto G G4 (XT1078), Caixa Original Celular Moto G4 Xt1078 Vazia ,40
Moto G Plus (5th Gen), Motorola Moto E4 Plus Xt1773 16/2gb 13mp Dourado Vitrine 1 ,639
Moto G Turbo Edition, Motorola Moto G Turbo Xt1556 16gb 2gb 4g Preto Reembalado ,499
Moto G XT1033 Claro Dual, * Celular Barato * Motorola Moto G 8gb Xt1033 Dual -vitrine ,449
Moto G2, Motorola Moto G G (2nd Gen.) Dual SIM 8 GB Preto 1 GB RAM ,549
Moto G3, Motorola Moto G G (3rd Gen.) Dual SIM 16 GB Preto 2 GB RAM ,649
Moto G4 Plus, Motorola Moto G G4 Plus Dual SIM 32 GB Preto 2 GB RAM ,999
Moto Maxx, Motorola One Dual SIM 64 GB Preto 4 GB RAM ,1.499
Moto X, Motorola Moto G G8 Play Dual SIM 32 GB Knight gray 2 GB RAM ,879
Moto X (4), Motorola Moto G G8 Play Dual SIM 32 GB Knight gray 2 GB RAM ,879
Moto X 16GB XT1052, Motorola Moto G G (3rd Gen.) Dual SIM 16 GB Preto 2 GB RAM ,649
Moto X 2G," Smartphone Motorola Moto E4 Plus 16gb, Tela 5.5' 2g Ram-novo ",817
Moto X 2nd Gen, Motorola Moto G G (2nd Gen.) Dual SIM 8 GB Preto 1 GB RAM ,549
Moto X Force," Motorola Moto Z2 Force Xt1789-05 64gb Dual Tela 5,5 | Usado ",1.379
Moto X Play, Motorola Moto G G8 Play Dual SIM 32 GB Knight gray 2 GB RAM ,879
Moto X Style, Motorola Moto Z Z3 Play Dual SIM 64 GB Índigo-escuro 4 GB RAM ,1.700
Moto X XT1053, Motorola Moto G G (3rd Gen.) Dual SIM 16 GB Preto 2 GB RAM ,649
Moto X-XT1058," Smartphone Motorola Xt1058 Moto X 16gb 10,5mp 4g | Vitrine ",499
Moto Z (2) Force, Motorola Moto Z2 Force Xt1789 64gb 6gb 4g Preto Reembalado ,1.399
Moto Z (2) Play, Motorola Moto Z Z2 Play Dual SIM 64 GB Ouro-fino 4 GB RAM ,1.800
Moto Z Droid, Motorola Moto Z Xt1650 Force Droid 32gb ,799
Moto Z Play, Motorola Moto Z Z3 Play Dual SIM 64 GB Índigo-escuro 4 GB RAM ,1.700
Moto Z(3), Motorola Moto Z Z3 Play Dual SIM 64 GB Índigo-escuro 4 GB RAM ,1.700
Moto Z3 Play, Motorola Moto Z Z3 Play Dual SIM 64 GB Índigo-escuro 4 GB RAM ,1.700
Motorola M, Motorola One Dual SIM 64 GB Preto 4 GB RAM ,1.499
Motorola Moto M, Motorola One Dual SIM 64 GB Preto 4 GB RAM ,1.499
N10, Smartphone Doogee N10 Octa-core 3gb Ram 32gb Rom Câmera 16.0 ,819
NOS NOVU II,,
NX505J,,
NX551J, Nubia M2 Nx551j 64gb 4gb ,399
NX573J,,
NX591J,,
NX907J,,
Neffos X9, (reparo) Smartphone Tp-link Neffos C5 Max 5.5 16gb 2gb Ram ,150
Next, Positivo Next X500 X 500 - Frontal Completa - Original ,103
Nexus 4,,
Nexus 5, Celular Smartphone LG Google Nexus 5 Com Defeito + Extras ,179
Nexus 5X, Lg Nexus 5x(sem Caixa) ,379
Nexus 6, Módulo Frontal Motorola Google Nexus 6 Xt1100 ,580
Nexus 6P, Nexus 6p ,350
Nokia 1, Nokia Cseries C2-01 43 MB Preto 64 MB RAM ,223
Nokia 2, Nokia Cseries C2-01 43 MB Preto 64 MB RAM ,223
Nokia 3.1, Celular Nokia X3 X3-00 Express Music Usado Garantia ,289
Nokia 3.1 Plus,,
Nokia 6.1," Nokia Asha 201 - 2mp, Mp3, Só Funciona Vivo - Novo ",149
Nokia 6.1 Plus, Nokia 6.1 Plus Completo Na Caixa Perfeito Estado ,1.190
Nokia 7," Nokia Lumia 925 - Windows 8, 4g, 8.7 Mp, 16 Gb - Novo ",699
Nokia 7 plus, Nokia 7 Plus Desbloqueado 6gb/64gb Android 10 !! ,1.499
Nokia 7.1, Nokia Lumia 930 32 GB Preto 2 GB RAM ,748
Nokia 9, 1 Celular Nokia 200 Rm-761 E 2 Celula Rm-799 Leia Descrição ,39
Note 5A Prime, Xiaomi Redmi Note 5a Prime 3gb/32gb Display Trincado ,450
OPTIMUS L5II (E450F) TITANIUM, Smartphone LG E450f - Defeito ,25
One, Motorola One Hyper Dual SIM 128 GB Deepsea blue 4 GB RAM ,1.839
One (A0001),,
One (M8), Original Htc One M8 16gb/32gb Rom 5.0 Frete Gratis ,1.699
One Pro, OnePlus 7T Pro McLaren Edition Dual SIM 256 GB Papaya orange 12 GB RAM ,6.049
One Touch POP C1 4015N, Aparelho Celular Alcatel / One Touch Pop C1 (4015n) - Novo ,269
One Touch POP C3 Dual 4033E, Celular Alcatel One Touch C3 4033e 4033 E 100% (02) Leia ,69
One Touch POP C7 7041X, Celular Alcatel One Touch C3 4033e 4033 E 100% (02) Leia ,69
One Touch Pop C7 7040E,,
OnePlus, OnePlus 7 Pro Dual SIM 256 GB Nebula blue 8 GB RAM ,4.299
OnePlus 6, Oneplus 6 64 / 6gb Snapdragon 845 Impecável ,1.899
OnePlus5, Oneplus6 Com Preço De Oneplus5 - 8gb De Ram + 128gb Memoria ,1.600
OnePlus6T,,
Optimus G 4G LTE E977," Lg Optimus G E977 - 4g, Android 4.1, 13mp, 4.7 Quad Core 1.5 ",899
Optimus G Pro E989, Lg Optimus G Pro E989 - 4g 16gb 13mp - Mancha No Display ,499
Optimus L1 II DUAL CHIP E435F, Celular Lg E435 Para Retirada De Peças Leia A Descrição ,70
Optimus L1 II E475F," Celular Lg Trios E475f Com Lcd Ruim, Sem Bateria E Sem Tampa ",28
Optimus L3 (E435f), Celular LG Optimus L3 Ii (e435f) ,100
Optimus L4 E467F, Smartphone Lg L4 E467f Dual Tv Wifi - Nao Inicializa - Pecas ,115
Optimus L4 II Dual E445, Aparelho Celular Lg Lg-e445 ,60
Optimus L4 II E440, Smartphone Lg L4 E467f Dual Tv Wifi - Nao Inicializa - Pecas ,115
Optimus L5 II Dual E455, Celular Lg E 455 Liga Fica Tela Inicial Os 2207 ,59
P10, Sony Xperia XA Dual SIM 16 GB Branco 2 GB RAM ,699
P10 Plus, Smartphone Huawei P10 Plus 4gb/64gb Dualsim 5.5 Câm.12/20mp ,2.999
P10Plus,,
P2, Celular Dl Yc330 Acompanha Fone P2 C/ Microfone Citysound M2 ,199
P20, Sony Xperia XA1 Dual SIM 32 GB Dourado 3 GB RAM ,1.750
P20 Pro, (2.299 À Vista) P20 Pro Global 128gb Azul + 2 Carregadores ,2.499
P20 lite, Huawei P20 Lite 32gb Android 8.0 Oreo Dual Sim Tela De 5.84 ,1.749
P30, Huawei P Series P30 Pro Dual SIM 256 GB Black 8 GB RAM ,4.540
P30 lite, Smartphone Huawei P30 Lite 128gb 4gb +película+ Capinha Top ,1.750
P8 GRA-L09,,
P8 Lite, Celular Huawei 16gb Smartphone Android Dual Sim P8 Lite ,799
P9, Multilaser Flip Up Dual SIM 32 MB Preto 32 MB RAM ,114
P9 Plus," Huawei P9 Plus Gold 16gb Tela 5,5 Polegadas - Não Original ",300
P9 lite, Huawei P9 Lite 2016 ,900
PACM00,,
PACT00,,
PH-1, Esential Phone Ph-1 ,1.100
PIXI 4 (5), Alcatel Onetouch Pixi 4 5045 - 5'' 8gb 8mp 4g - De Vitrine ,449
PIXI3(4.5), Celular Alcatel Pixi3 4028 Desb 4028e 4 Gb Com Tv Digital ,269
PIXI4 (3.5), Smartphone Alcatel Pixi4 Colors 4034e Preto 3 Capas Vitrine ,429
PLATINUM 4.0+, Celular Smartphone Sky Platinum 4.0 ,239
"POP 4 6"" 4G android", LG G Series G6 64 GB Astro black 4 GB RAM ,1.400
POP 4S, Celular Alcatel ,400
PRA-LX1,,
PRA-LX3, Celular Huawei P20 Lite Ane-lx3 4/32gb Preto Global + Nf ,1.535
PULP FAB,,
PURE XL, Celular Blu Purê Xl ,1.000
PURE XR, Blu Pure Xr ,999
Phoenix 2,,
Phoenix 3, Smartphone Lg K4 M150 2017 16gb Tela De 5.0 5mp/5mp Os 6.0. ,500
Phone 2, Asus ROG Phone II ZS660KL Dual SIM 128 GB Preto-brilhante 8 GB RAM ,4.400
Pixel, Xiaomi Redmi 8A Dual SIM 32 GB Vermelho-pôr do sol 2 GB RAM ,920
Pixel 2, Xiaomi Redmi 8A Dual SIM 32 GB Vermelho-pôr do sol 2 GB RAM ,920
Pixel 2 XL, Google Pixel 2 Xl - 128gb - Touch Não Funciona ,990
Pixel 3, Google® Pixel 3 - Película + Case (envio Imediato) ,2.499
Pixel 3 XL,,
Pixel 3a, Celular Google Pixel 3a Xl ,2.800
Pixel 3a XL, Celular Google Pixel 3a Xl ,2.800
Pixel XL, Celular Google Pixel Xl 32gb Película 3m Carregador Grade C ,598
Pocophone F1, Xiaomi Pocophone F1 Dual SIM 64 GB Steel blue 6 GB RAM ,2.350
Polaroid Snap S60, Celular Smartphone Cat Caterpillar S60 Com Câmera Térmica ,3.886
Pop 2," Alcatel Onetouch Pop C1 4015 - Dual Chip, 2mp - Novo ",299
Positivo OCTA, Positivo Octa ( Edição Ilimitada ) Para Retirada De Peças ,200
Power 3, Motorola Moto G G8 Play Dual SIM 32 GB Knight gray 2 GB RAM ,879
Power 3S,,
Prime, LG K Series K12 Prime Dual SIM 64 GB Aurora black 3 GB RAM ,985
Pulse Power,,
Q05A," Smartphone Qtouch Q05a Tela 4 , Câmera 5mp Quad Core Verde C ",179
Q5-3G, Smartphone Quantum Muv Q5 16gb Dual Rosa Original ,429
Q6, LG Q Series Q6 Dual SIM 32 GB Astro black 3 GB RAM ,754
Quantum Go, Celular Quantum Go2 4g 32gb/3gb Octa Core 13mp/13mp ,479
Quantum Lio +, Smartphone E Maquininha Cielo Quantum Lio+ Qc84 ,699
Quantum MUV PRO, Smartphone Quantum Muv Up Q13 Core 32gb 4g Wi-fi Câmera 13mp ,599
Quantum Muv, Celular Smartphone Quantum Muv Up 32gb Usado Excelente ,709
R1 HD, Celular Blu R1 Hd R0011uu - 5.0 - Dual-sim - 8gb- 4g Lte ,892
R2 LTE, Blu R2 R0171 Dual Sim 4g Lte Tela 5.2 Hd 32gb/3gb 13/13mp ,580
R2 Plus,,
RAINBOW JAM, iPhone 6 Plus Cinza Espacial Jamais Inicializado. Novo ,3.300
RAZR D1 XT915," Motorola Razr D1 Xt915 Com Tv, Android 4.1, 5 Mp - Novo ",329
RAZR D1 XT916, Celular Razr D1 Xt-916 (defeito) ,79
RAZR XT910," Motorola Razr Xt910 - 3g, Wi-fi, Dual Core Wi-fi 4g - Usado ",399
RCT6203W46,,
REVVL 2,,
ROBBY,,
Razr D1 - XT918, Motorola Razr D1 Xt916 Xt918 Peças ,40
Razr i XT890," Motorola Razr I Xt890 -android 4.0, 8 Mp, 2.0ghz, Novo ",499
RedMi 3, Xiaomi Redmi 8 Dual SIM 32 GB Preto-ônix 3 GB RAM ,1.019
Redmi  7A, Xiaomi Redmi 7A (12 Mpx) Dual SIM 32 GB Matte black 2 GB RAM ,880
Redmi  Go, Xiaomi Redmi Go Dual SIM 16 GB Preto 1 GB RAM ,562
Redmi  Note  6  Pro, Xiaomi Redmi Note 8 Pro Dual SIM 128 GB Azul-escuro 6 GB RAM ,1.980
Redmi  Note  7, Xiaomi Redmi Note 7 (48 Mpx) Dual SIM 64 GB Space black 4 GB RAM ,1.399
Redmi  Note  7 Pro, Xiaomi Redmi Note 7 Pro Dual SIM 128 GB Moonlight white 6 GB RAM ,1.999
Redmi  S2, Xiaomi Redmi S2 Dual SIM 32 GB Cinza 3 GB RAM ,1.005
Redmi 4 Pro, Xiaomi Redmi Note 8 Pro Dual SIM 128 GB Cinza-mineral 6 GB RAM ,1.960
Redmi 4A, Celular Xiaomi Redmi 4a 2gb 16gb Rose Gold + Nota Fiscal ,917
Redmi 4X, Smartphone Xiaomi Redmi Note 4x (pronta Entrega) ,1.299
Redmi 5, Xiaomi Redmi Note 7 (48 Mpx) Dual SIM 64 GB Space black 4 GB RAM ,1.399
Redmi 5 Plus, Xiaomi Redmi 5 Plus Dual SIM 32 GB Dourado 3 GB RAM ,1.100
Redmi 5A, Xiaomi Redmi Note 5a Prime 3gb/32gb Display Trincado ,450
Redmi 6, Xiaomi Redmi Note 8 Pro Dual SIM 128 GB Cinza-mineral 6 GB RAM ,1.960
Redmi 6A, Xiaomi Redmi 6A Dual SIM 16 GB Preto 2 GB RAM ,1.099
Redmi 6Pro, Xiaomi Redmi Note 8 Pro Dual SIM 128 GB Cinza-mineral 6 GB RAM ,1.960
Redmi 7, Xiaomi Redmi Note 7 (48 Mpx) Dual SIM 64 GB Space black 4 GB RAM ,1.399
Redmi K20, Xiaomi K20 Pro 512 Gb 12gb Ram Exclusive Snap 855 + Plus Mi9 ,3.850
Redmi K20 Pro, Xiaomi K20 Pro 512 Gb 12gb Ram Exclusive Snap 855 + Plus Mi9 ,3.850
Redmi Note 3, Xiaomi Redmi Note 8 Dual SIM 32 GB Azul-netuno 3 GB RAM ,1.329
Redmi Note 4, Xiaomi Redmi Note 8 Dual SIM 64 GB Preto-espacial 4 GB RAM ,1.460
Redmi Note 5 Pro, Xiaomi Redmi Note 7 Pro Dual SIM 128 GB Moonlight white 6 GB RAM ,1.999
Redmi Note 5A, Xiaomi Redmi Note 5a Prime 3gb/32gb Display Trincado ,450
Redmi Pro, Xiaomi Redmi Note 8 Pro Dual SIM 128 GB Cinza-mineral 6 GB RAM ,1.960
Robin,,
S10_Pro, Samsung Galaxy S10 Dual SIM 128 GB Branco-prisma 8 GB RAM ,2.999
S2PRO,,
S30, Celular S30 Cartepillarcom Defeito ,300
S31, Smartphone Caterpillar S31 Prova Choque ,1.650
S41, CAT S41 Dual SIM 32 GB Preto 3 GB RAM ,2.820
S430 Twist Mini, Positivo Twist Mini Modelo:s430 Lê Descrição! ,60
S8, Samsung Galaxy S8+ Dual SIM 64 GB Preto-meia-noite 4 GB RAM ,1.992
SGH-I337, Smartphone Samsung Galaxy E7 E700m 16gb Seminovo ,599
SHARK, Xiaomi Mi 8 Lite Dual SIM 64 GB Midnight black 4 GB RAM ,1.580
SHARP Z2, Celular Sharp Z2 4gb Ram 32gb Cor Dourado ,649
SKY Vega,,
SM-G3502l, Smartphone Samsung Sm-g3502l - Defeito ,32
SM-P905M Galaxy NotePRO, Samsung Galaxy J2 Core Dual SIM 16 GB Prata (Lavanda) 1 GB RAM ,519
SONY C6903 XPERIA LTE, Sony Xperia XZ 32 GB Azul-bosque 3 GB RAM ,2.000
STARTRAIL 8,,
STUDIO G, Celular Blu Studio C Hd S-090q - 5.0 - Dual-sim - 8gb - 3g ,339
STUDIO G HD LTE, Smartphone Blu Studio G Hd Lte (2 Chips) ,200
STUDIO G PLUS, Telefone Blu Studio G Plus ,400
STUDIO M HD, Blu Studio M Hd Para Retirada De Peças ,40
STUDIO MAX, Blu Studio Max S0310uu 16gb Rose ,499
STUDIO ONE PLUS, Samsung Galaxy S10+ Dual SIM 128 GB Preto-prisma 8 GB RAM ,3.599
STUDIO TOUCH, Celular Blu Studio X D750l Não Liga Touch E Display Trincado ,55
SUNNY,,
Selfie, Xiaomi Mi A3 Dual SIM 64 GB Branco-puro 4 GB RAM ,1.595
Slate 7,,
Slim, Multilaser Flip Up Dual SIM 32 MB Preto 32 MB RAM ,114
Smart 2 Pro,,
Smart E8,,
Smart N8," Nokia N8 N8-00 12mp Gps 16gb Wifi, Usado - Mancha No Display ",249
Smart Ultra 6, Sony Xperia XA2 Ultra Dual SIM 64 GB Preto 4 GB RAM ,3.250
Smart V8,,
Smart turbo 7, Carregador Turbo . ,70
Smart ultra 7,,
Smart_N9_Lite, Huawei P Series P Smart 2019 Dual SIM 64 GB Azul-aurora 3 GB RAM ,1.669
Smarti ANDROID S420, Samsung Galaxy S9 Dual SIM 128 GB Cinza-titânio 4 GB RAM ,2.288
Spirit 4G MS870, Lg Spirit 3g H420 Usado! ,360
Spree, Lg K4 K120 (com Defeito) ,70
Starnaute 4,,
Studio C HD, Celular Blu Studio C Hd S-090q - 5.0 - Dual-sim - 8gb - 3g ,339
Studio J2, Celular Blu Grand Studio J2 Lacrado Anatel Tela5 Android Nfe ,599
Studio View XL, Smartphone Blu Studio View Xl Dual Sim 3g 5.7 Garantia 1 Ano ,599
Studio XL 2, Smartphone Blu Studio Xl 2 ,280
Stylo 2, Celular LG H 502 Para Retirar Peças Os 2325 ,149
Stylo3,,
Stylus2, Celular Lg Stylus 2 K520dy 5.7 Dual Sim 16gb Cinza + Nf-e ,799
Stylus2 4G," Lg Stylus 2 K520dy Dual Sim 4g 16gb 5,7 13mp ",1.215
Stylus3, Samsung Galaxy A3 Dual SIM 16 GB Branco-pérola 1 GB RAM ,699
Sunny2 Plus, Apple iPhone 8 Plus 64 GB Ouro 3 GB RAM ,3.130
Super, Multilaser Flip Vita Dual SIM 32 MB Azul/Preto 32 MB RAM ,167
T00J, Asus Zenfone 5 Tela Trincada E Bateria Descarregando Rápido ,220
T10," Celular Vaic T10 Dual Chip 2,9¨ Tv Com Defeito - 13347 ",48
T1060,,
T5, Leagoo T5 ,1.000
TAB3 730M, Samsung Galaxy Tab3 ,305
TB-8704X, Tablet Napoli Npl-785tb (sucata) ,69
TB3 8 Plus, Apple iPhone 8 Plus 64 GB Ouro 3 GB RAM ,3.130
TB3-X70F,,
TCL C5, TCL C5 Dual SIM 32 GB Preto 2 GB RAM ,597
THOR, Vernee Thor E 4g Smartphone - Preto ,999
Tab 3 V SM-T116,,
Tab 3 lite (SM-T110),,
Tab 7 Essential, Samsung Galaxy Tab3 ,305
TabF\xc3\xa1cil,,
Titan, Apple iPhone 6s 64 GB Cinza-espacial 2 GB RAM ,2.199
Twist, Celular Barato Positivo Twist 2 Pro 32gb + Capa/película 3g ,499
Twist 2 Fit, Smartphone Positivo Twist 2 Fit 3g 8gb Dual Chip S509 ,398
Twist 2 Pro, Celular Barato Positivo Twist 2 Pro 32gb + Capa/película 3g ,499
Twist 2018, Celular Positivo Twist S511 (tw2018) Rosa ,420
Twist 4G, Smartphone Positivo Twist L S520 8gb Dual 4g | Vitrine ,399
Twist Metal," Positivo Twist S531 32gb Tela 5,2 Dual And 8.0 Go Vitrine ",450
Twist Metal 32G, Positivo Twist Metal S531t 32gb Cinza Novo Lacrado ,599
Twist Mini," Celular Positivo Twist Mini S431 Dual Chip, Tela 4 , 8gb ",288
Twist XL, Smartphone Positivo Twist Xl 3g Dual Chip ,890
U FEEL,,
U FEEL PRIME,,
U PULSE,,
U PULSE LITE,,
U11, Htc U11 (sprint) 64gb/4gb Ram Azul Em Bom Estado ,900
U12 Life, Htc U12 Life - Azul | 64gb ,1.899
U16 Max,,
U2, Ci Carga Tristar 1610a3 iPhone 5s 6 6p 6s 6sp Se Original U2 ,31
U20_Plus, Celular Sony Ericsson Xperia X10 Mini Original U20 Defeito ,24
U22, Oukitel U22 3g Smartphone Preto ,649
V, Xiaomi Mi 9T Dual SIM 64 GB Preto-carvão 6 GB RAM ,2.020
V20, Huawei Honor V20 Dual 128gb - Kirin 980 - Completo Mate P30 ,2.800
V30, Lg V30 Frete Gratuito ,2.600
V5s,,
VFD 600, Celular Multilaser Up 2chip Quad Cam Mp3/4 Fm P3293 ,99
VFD1100,,
VIBE K10, Celular Lenovo C2 K10 A40 Sem Funcionar ,150
VIBE K6, Lenovo Vibe Series Vibe K6 Plus Dual SIM 32 GB Dourado 3 GB RAM ,859
VIBE K6 Note, Celular Lenovo K6 Note 32gb Biometria Com Poucas Marcas Uso ,320
VIBE K6 Power,,
VIEW, Blackview Bv9600 Pro 6gb 128gb 12x Sem Juros Pronta Entrega ,2.886
VIVO 5, Samsung Galaxy S III Mini 8 GB Pebble blue 1 GB RAM ,449
VIVO 5R, Celular Blu Vivo 5r Com Defeito No Display ,230
VIVO 6, LG Q Series Q6 Dual SIM 32 GB Astro black 3 GB RAM ,754
VIVO XL, Celular Blu Grand Xl ,300
Venue 8 (3830),,
View Prime, Wiko View Prime ,120
View2 Go, Samsung Galaxy J2 Core Dual SIM 16 GB Prata (Lavanda) 1 GB RAM ,519
Vivo XI," Celular Blu Xi+ 64gb,leia A Descrição Antes De Compra ",1.599
Vivo XI+," Celular Blu Xi+ 64gb,leia A Descrição Antes De Compra ",1.599
Vivo XL3, Celular Blu Xl3 Vo250ww ,150
Vivo_8_LL, Multilaser Flip Vita Dual SIM 32 MB Azul/Preto 32 MB RAM ,167
Vodafone Smart E9,,
Vodafone Smart N10,,
Vodafone Smart N9,,
Vodafone Smart X9,,
WIM, Celular Samsung Galaxy Win Duos Usado Seminovo Bom ,329
WP2, Smartphone Celular Oukitel Wp2 Ip68 4gb 64gb 12x Sem Juros ,1.998
W_K120," Celular Motorola W388 Só Funciona Vivo, Câmera - Novo ",199
W_K300, Celular Sony Ericsson W200i ,115
W_K400," Celular Motorola W388 Só Funciona Vivo, Câmera - Novo ",199
X, Samsung Galaxy J2 Core Dual SIM 16 GB Prata (Lavanda) 1 GB RAM ,519
X Style, Sony Xperia XZ Premium Dual SIM 64 GB Preto-mar-profundo 4 GB RAM ,3.760
X cam, Samsung Galaxy A30s Dual SIM 64 GB Prism crush white 4 GB RAM ,1.111
X max, Asus ZenFone Max Shot ZB634KL Dual SIM 64 GB Preto 4 GB RAM ,945
X power, Motorola Moto G G7 Power Dual SIM 64 GB Ceramic black 4 GB RAM ,1.495
X screen, Xiaomi Redmi 7A (13 Mpx) Dual SIM 16 GB Morning blue 2 GB RAM ,678
X008D,,
X1 Lite, Neffos X1 Lite ,649
X19, Cubot X19 ,800
X30, Celular ,699
X5 max pro, Smartphone Doogee X5 Max Pro ,400
X500, Positivo Next X500 X 500 - Frontal Completa - Original ,103
X9009,,
XT1032, Motorola Xt1032 G1 Seminovo Funcionando Preto ,299
Xperia C C2304, Sony Xperia XA Ultra 16 GB Preto-grafite 3 GB RAM ,915
Xperia C4 Dual, Celular Smartphone Sony Xperia C4 E5303 Novo Vitrine ,399
Xperia C5 Ultra Dual, Smartphone Sony E5563 Xperia C5 Ultra Dual | Vitrine ,729
Xperia E Dual C1604," Celular Sony Xperia 3,5¨ E Dual-sim C1604 Com Defeito - 2226 ",41
Xperia E1 (D2004), Xperia E1 D2004 Com Defeito ,49
Xperia E1 TV dual D2114, Sony Xperia E1 Dual SIM 4 GB Preto 512 MB RAM ,369
Xperia E3 Dual, Sony Xperia E3 Branco D2212 (leia A Descrição Do Anuncio) ,175
Xperia E4 Dual," Sony Xperia E4 E2124 Dual Chip - 3g, 8gb, 5mp - Usado ",249
Xperia E5, Sony Xperia E5 16 GB Preto-grafite 1.5 GB RAM ,597
Xperia L C2104," Sony Xperia L C2104 - Android 4.1, 8.0mp, 1 Ghz - Novo ",379
Xperia L1, Celular Sony Xperia L1 G3312 16gb Dual Chip Original Novo ,1.749
Xperia L2,,
Xperia M C2005,,
Xperia M Dual  C2004, Celular Sony Xperia C 2004 Para Retirar Peças Os 1787 ,99
Xperia M2 Aqua, Sony D2403 Xperia M2 Aqua 1gb Ram Tela 4.8 | Usado ,299
Xperia M2 D2303, Sony M2 D2303 D2305 D2306 Peças ,25
Xperia M2 D2306," Sony Xperia M2 D2306 - Android 4.3, 8mp, 3g/4g Wi-fi - Novo ",639
Xperia M4 Aqua, Sony Xperia M4 Aqua Dual SIM 16 GB Preto 2 GB RAM ,749
Xperia M4 Aqua Dual, Sony Xperia M4 Aqua Dual SIM 16 GB Preto 2 GB RAM ,749
Xperia M5, Sony Xperia M5 16 GB Preto 3 GB RAM ,1.299
Xperia M5 Dual, Sony Xperia M5 16 GB Preto 3 GB RAM ,1.299
Xperia SP C5303, Sony Xperia Sp C5303 8gb Tela 4.6 4g Lte Original Vitrine ,259
Xperia T2 Ultra, Celular Smartphone Sony Xperia T2 Ultra Dual Vitirine Branco ,397
Xperia T2 Ultra dual(D5322), Smartphone Sony Xperia T2 Ultra Dual D5322 Quad-core 1.4 Ghz ,499
Xperia T3, Celular Sony T2 D5106 Para Retirar Peça ,249
Xperia X, Sony Xperia XA Dual SIM 16 GB Preto-grafite 2 GB RAM ,713
Xperia X Compact, Sony Xperia Z3 Compact 16 GB Preto 2 GB RAM ,1.300
Xperia X1, Sony Xperia Z3 Compact 16 GB Preto 2 GB RAM ,1.300
Xperia XA, Sony Xperia XA Dual SIM 16 GB Preto-grafite 2 GB RAM ,713
Xperia XA Ultra, Sony Xperia XA Ultra 16 GB Preto-grafite 3 GB RAM ,915
Xperia XA1, Sony Xperia XA1 Plus Dual SIM 32 GB Preto 4 GB RAM ,1.900
Xperia XA1 Plus, Sony Xperia XA1 Plus Dual SIM 32 GB Preto 4 GB RAM ,1.900
Xperia XA1 Ultra, Sony Xperia XA1 Ultra Dual SIM 64 GB Dourado 4 GB RAM ,2.960
Xperia XA2, Sony Xperia XA2 Ultra Dual SIM 64 GB Preto 4 GB RAM ,3.250
Xperia XA2 Ultra, Sony Xperia XA2 Ultra 32 GB Preto 4 GB RAM ,3.499
Xperia XZ, Sony Xperia XZ 32 GB Azul-bosque 3 GB RAM ,2.000
Xperia XZ Premium, Sony Xperia XZ Premium Dual SIM 64 GB Preto-mar-profundo 4 GB RAM ,3.760
Xperia XZ1, Sony Xperia XZ1 Dual SIM 64 GB Preto 4 GB RAM ,3.000
Xperia XZ1 Compact, Sony Xperia Xz1 Compact 32gb 4gb Ram Lte G8441 ,1.450
Xperia XZ2, Sony Xperia XZ2 64 GB Preto-líquido 4 GB RAM ,3.500
Xperia XZ2 Compact, Sony Xperia XZ2 Compact 64 GB Verde-musgo 4 GB RAM ,3.700
Xperia Z C6616, Sony Xperia XA Dual SIM 16 GB Preto-grafite 2 GB RAM ,713
Xperia Z1 LTE C6943, Sony Xperia Z1 Tv C6943 16gb 4g 20.7mp Preto Vitrine 3 ,529
Xperia Z2 (Sirius), Sony Xperia XA Dual SIM 16 GB Preto-grafite 2 GB RAM ,713
Xperia Z2 LTE-A D6543," Sony Xperia Z2 D6543 - Android 4.4, 20.7mp - Mostruário ",649
Xperia Z3, Sony Xperia Z3 Compact 16 GB Preto 2 GB RAM ,1.300
Xperia Z3 Compact, Sony Xperia Z3 Compact 16 GB Preto 2 GB RAM ,1.300
Xperia Z3 LTE, Sony Xperia XZ 32 GB Azul-bosque 3 GB RAM ,2.000
Xperia Z3+, Sony Xperia Z3 Dual D6633 Preto Fazer Reparo No Touch ,349
Xperia Z3+ Dual, Sony Z3 Caixa Vazia ,29
Xperia Z5, Sony Xperia Z5 E6603 32gb 3gb Ram 23mp Cinza Vitrine 1 ,1.299
Xperia Z5 Compact, Para Xperia Z5 Compact /z5 Premium Camera Módulo Fix Repair ,173
Xperia Z5 Premium, Para Xperia Z5 Compact /z5 Premium Camera Módulo Fix Repair ,173
Xperia Z5 Premium Dual, Celular Sony Xperia Z5 Premium E6833 32gb + Frete Gratis ,2.215
Xperia Z5 dual, Sony Xperia Z5 32gb Dual E6683 E6633 Original ,1.199
Xperia ZL, Sony Zq C6502 Retirada Original ,138
Y221-U03,,
Y340-U081, Huawei Y340-u081 Preto ,450
Y5, Celular Huawei Honor Y5ll Cun-u29 Dual 8gb Original Vitrine ,558
Y5II,,
Y6, Celular Huawei Y6 2018 16gb 2gb Azul + Nf ,949
Y6 2017, Samsung Galaxy A5 (2017) 32 GB Preto 3 GB RAM ,1.250
Y6 2019,,
Y6 Max, Celular Huawei Y6 2018 16gb 2gb Azul + Nf ,1.011
Y7, Smartphone Huawei Y7 Pro - Global 4g + 64gb Azul ,1.590
Y7Plus,,
Y8, Smartphone Doogee Y8 32gb 3gb Ram Verde ,799
Y9 Prime 2019, Huawei Y9 Prime Dual 128gb - Câmera Pop Up - Completo + Case ,1.500
YM-M5C, Meizu M Series M5c Dual SIM 16 GB Preto 2 GB RAM ,499
YPY S500, Positivo Ypy S500 Preto - Retina Display - Original ,158
YU4711,,
You, Quantum You Dual SIM 32 GB Rosa 3 GB RAM ,649
You 2, Quatun You 2 ,30
You E, Quantum You Dual SIM 32 GB Rosa 3 GB RAM ,649
You L, Smartphone Celular Quantum You L Q11 Original (telaquebrada) ,459
Z2, Motorola Moto Z Z2 Play Dual SIM 64 GB Ouro-fino 4 GB RAM ,1.800
Z2 Pro, Lenovo Zuk Z2 Pro ,799
Z5, BLU Z5 Dual SIM 32 MB Preto 32 MB RAM ,103
Z557BL,,
ZTE Blade A460, Celular Zte Blade A470 ,40
ZTE Blade A522, ZTE Blade A3 Lite 16 GB Cinza 1 GB RAM ,469
ZenFone 2 Laser (ZE600KL),,
ZenFone 2 Laser (ZE601KL), Asus Zenfone 2 Laser Ze601kl 32gb 2gb 4g Cinza Reembalado ,649
ZenFone 3 Deluxe (ZS550KL), Smartphone Asus Zenfone 3 Deluxe Zs550kl 64gb Dual Orginal ,3.914
ZenFone 3 Max (ZC520TL), Smartphone Asus Zenfone 3 Max 16gb 2gb 5.2'' Zc520tl Vitrine ,648
ZenFone 3 Max (ZC553KL), Smartphone Asus Zenfone 3 Max 32gb 2gb Câmera 16mp + 8mp Android 5 Tela 5.5'' Zc553kl Vitrine Nf-e ,728
ZenFone 3 Zoom (ZE553KL), Celular Asus Zenfone 3 Zoom 32gb Usado Seminovo Excelente ,1.189
ZenFone 4 Max (ZC554KL), Smartphone Asus Zenfone 4 Max 16gb 2gb Ram Zc554kl Vitrine ,749
ZenFone 4 Selfie, Celular Asus Zenfone 4 Selfie 64gb Dual Chip Zd553kl-vitrine ,898
ZenFone 4 Selfie (ZD553KL), Celular Asus Zenfone 4 Selfie 64gb Dual Chip Zd553kl-vitrine ,898
ZenFone 4 Selfie Lite (ZB520KL), Celular Asus Zenfone 5 Selfie Pro 128 G 4 Ram ,1.000
ZenFone 5 (ZE620KL), Asus ZenFone 5 ZE620KL Dual SIM 128 GB Azul-meia-noite 4 GB RAM ,1.678
ZenFone 5 Lite (ZC600KL), Asus Zenfone 5 Selfie Dual Chip Android 7 Tela 5.5 ,799
ZenFone 5Z (ZS620KL/ZS621KL), Celular Asus Zenfone 4 Selfie ,770
ZenFone 6 (ZS630KL)," Zenfone 6 Black Asus 6,4 4g 128 Gb E Câmera Flip - Zs630kl ",2.969
ZenFone Go, Smartphone Asus Zb551kl Zenfone Live 16gb | Vitrine ,501
ZenFone Go (ZB501KL),,
ZenFone Live L1 (ZA550KL), Asus ZenFone Live L1 ZA550KL (Snapdragon 425) Dual SIM 32 GB Preto-meia-noite 2 GB RAM ,789
ZenFone Live Plus (ZB553KL),,
ZenFone Max M1 (ZB555KL), Zenfone Max Plus M1 ,600
ZenFone Max Plus M1 (ZB570TL), Asus ZenFone Max Plus M1 ZB570TL Dual SIM 64 GB Preto-marinho 4 GB RAM ,2.000
ZenFone Max Plus M2 (ZB634KL), Asus ZenFone Max Plus M2 ZB634KL Dual SIM 32 GB Vermelho 3 GB RAM ,1.168
ZenFone Max Pro M2 (ZB630KL/ZB631KL)," Zenfone Max Pro M2 Titan Asus 6,3 4g 128gb Zb631kl-4j092br ",1.269
ZenFone Selfie (ZD551KL), Celular Asus Zenfone Selfie ,775
ZenFone V Live, Asus ZenFone Live L1 ZA550KL (Snapdragon 425) Dual SIM 32 GB Preto-meia-noite 2 GB RAM ,789
ZenFone Zoom (ZX551ML), Asus Zenfone Zoom Zx551ml 128gb 4gb Ram 4g Preto Reembalado ,1.099
ZenFone3, Asus Zenfone3 Preto 32 Gb Memoria Interna ,989
ZenFone4 (ZE554KL), Asus Zenfone 4 Ze554kl 64gb 4gb 4g Dual Verde Reembalado ,1.299
Zenfone 2, Asus ZenFone 5 ZE620KL Dual SIM 128 GB Azul-meia-noite 4 GB RAM ,1.678
Zenfone 2 Laser, Asus Zenfone 2 Laser Ze601kl 32gb 2gb 4g Cinza Reembalado ,649
Zenfone 3, Asus ZenFone Max Shot ZB634KL Dual SIM 64 GB Preto 4 GB RAM ,945
Zenfone 3 Deluxe (ZS570KL), Smartphone Asus Zenfone 3 Deluxe Zs570kl 64gb - Vitrine ,2.000
Zenfone 3 Laser, Celular Asus Zenfone 3 Laser Prateado 32gb ,565
Zenfone 5, Asus ZenFone Max Shot ZB634KL Dual SIM 64 GB Preto 4 GB RAM ,945
Zenfone 6, Asus ZenFone Max Pro M1 ZB602KL (16 Mpx) Dual SIM 64 GB Preto-oceano 4 GB RAM ,2.500
Zenfone Go (ASUS_X00BD), Smartphone Asus Zb551kl Zenfone Live 16gb | Vitrine ,501
Zenfone Go (ASUS_Z00VD), Smartphone Asus Zb551kl Zenfone Live 16gb | Vitrine ,501
Zenfone MAX, Asus ZenFone Max Shot ZB634KL Dual SIM 64 GB Preto 4 GB RAM ,945
\xe5\x8d\x8e\xe4\xb8\xba\xe7\x95\x85\xe4\xba\xab9 Plus,,
\xe8\x8d\xa3\xe8\x80\x80 V9 play,,
\xe8\x8d\xa3\xe8\x80\x809\xe9\x9d\x92\xe6\x98\xa5\xe7\x89\x88,,
\xe8\x8d\xa3\xe8\x80\x809i,,
honor 6x, Celular Smartphone Huawei Honor 6x ,540
iOS Emulator, Apple iPhone 7 32 GB Prata 2 GB RAM ,1.970
iPad, Apple iPhone 5c 8 GB Branco 1 GB RAM ,849
iPad 2, Apple iPhone 5c 8 GB Branco 1 GB RAM ,849
iPad 2 (GSM/A-GPS),,
iPad 3rd Gen (Wi-Fi Only),,
iPad 3rd Gen (Wi-Fi/4G LTE Verizon/GPS),,
iPad 4th Gen (Wi-Fi Only),,
iPad 4th Gen (Wi-Fi/4G LTE AT&T/GPS),,
iPad 6th Generation,,
iPad 9.7-Inch 5th Gen (Cellular),,
iPad 9.7-Inch 5th Gen (WIFI),,
iPad Air (Wi-Fi Only), iPad Mini 3 Wifi 64gb - A1599 ,1.500
"iPad Air (iPad4,2)", Apple iPhone 5c 8 GB Branco 1 GB RAM ,849
iPad Air 2 - Cellular,,
iPad Air 2 - Wi-fi,,
iPad Mini (Wi-Fi Only), iPad Mini 3 Wifi 64gb - A1599 ,1.500
iPad Mini (Wi-Fi/4G LTE AT&T/GPS),,
iPad Mini (Wi-Fi/4G LTE Verizon/GPS),,
iPad Mini 3 - Cellular, iPad Mini 3 Wifi 64gb - A1599 ,1.500
iPad Mini 3 - Wifi, iPad Mini 3 Wifi 64gb - A1599 ,1.500
iPad Mini 4 Cellular,,
"iPad Mini with Retina display (iPad4,4)",,
"iPad Mini with Retina display (iPad4,5)",,
iPad Pro 11 Inch - 2018,,
iPad Pro 12.9 3rd Gen - 2018,,
iPad Pro 12.9-Inch (Cellular),,
iPad Pro 12.9-Inch Wifi,,
iPad Pro 2nd Generation 10.5,,
iPad Pro 2nd Generation 12.9,,
iPad Pro 9.7,,
iPad Pro 9.7-Inch Cellular,,
iPhone 11, Apple iPhone 8 Plus 64 GB Ouro 3 GB RAM ,3.130
iPhone 11 Pro, Apple iPhone 11 Pro Max Dual SIM 64 GB Cinza-espacial 4 GB RAM ,7.000
iPhone 11 Pro Max, Apple iPhone 11 Pro Max Dual SIM 64 GB Cinza-espacial 4 GB RAM ,7.000
iPhone 4s, Apple iPhone 4s 8gb Desbloqueado Original Anatel -de Vitrine ,329
iPhone 5 (CDMA), Apple iPhone 5s 16 GB Cinza-espacial 1 GB RAM ,899
iPhone 5 (GSM), Caixa Vazia iPhone 4s Branco 8gb Gsm Mf264br/a ,49
iPhone 5c (CDMA), Apple iPhone 5c 8 GB Branco 1 GB RAM ,849
iPhone 5c (GSM), iPhone 5c 16gb Azul Desbloqueado 16gb Gsm Telefone Novo ,999
iPhone 5s (GSM), Apple iPhone 8 Plus 128 GB Cinza-espacial 3 GB RAM ,3.470
iPhone 5s (GSM+CDMA), Apple iPhone 5s 16 GB Cinza-espacial 1 GB RAM ,899
iPhone 6, Apple iPhone 6s 32 GB Cinza-espacial 2 GB RAM ,1.890
iPhone 6 Plus, Apple iPhone 6s Plus 64 GB Ouro-rosa 2 GB RAM ,2.524
iPhone 6s, Apple iPhone 6s 32 GB Cinza-espacial 2 GB RAM ,1.890
iPhone 6s Plus, Apple iPhone 6s Plus 64 GB Ouro-rosa 2 GB RAM ,2.524
iPhone 7, Apple iPhone 7 32 GB Preto-fosco 2 GB RAM ,1.970
iPhone 7 Plus, Apple iPhone 7 Plus 32 GB Preto-fosco 3 GB RAM ,2.799
iPhone 8, Apple iPhone 8 Plus 64 GB Ouro 3 GB RAM ,3.130
iPhone 8 Plus, Apple iPhone 8 Plus 64 GB Ouro 3 GB RAM ,3.130
iPhone SE, Apple iPhone SE 32 GB Cinza-espacial 2 GB RAM ,1.399
iPhone X, Apple iPhone X 64 GB Prata 3 GB RAM ,4.490
iPhone XR, Apple iPhone XR Dual SIM 64 GB Preto 3 GB RAM ,3.599
iPhone XS, Apple iPhone XS Max Dual SIM 256 GB Ouro 4 GB RAM ,5.110
iPhone XS Max, Apple iPhone XS Max Dual SIM 256 GB Ouro 4 GB RAM ,5.110
iPod Touch 5G,,
iPod Touch 6G, iPod Touch Apple 8gb Preto 4 Geração - Leia Não É Celular ! ,480
m2 note, Smartphone Android Meizu M2 Note 2gb Ram 16gb Rom Octacore ,900
meizu C9 pro, Meizu M Series M5c Dual SIM 16 GB Preto 2 GB RAM ,499
meizu note9, Smartphone Meizu Note 9 ,1.160
moto e(5) play, Motorola Moto E E5 Play 16 GB Preto 2 GB RAM ,898
moto e(5) plus, Motorola Moto G G6 Plus Dual SIM 64 GB Índigo-escuro 4 GB RAM ,1.739
moto e\xe2\x81\xb6 plus, Motorola Moto G G (3rd Gen.) Dual SIM 16 GB Preto 2 GB RAM ,649
moto g(6), Motorola Moto G G6 Dual SIM 32 GB Índigo-escuro 3 GB RAM ,829
moto g(6) play, Motorola Moto G G6 Play Dual SIM 32 GB Índigo-escuro 3 GB RAM ,1.100
moto g(6) plus, Motorola Moto G G6 Plus Dual SIM 64 GB Índigo-escuro 4 GB RAM ,1.739
moto g(7), Motorola Moto G G7 Plus Dual SIM 64 GB Índigo 4 GB RAM ,1.260
moto g(7) play, Motorola Moto G G7 Play Dual SIM 32 GB Ouro-fino 2 GB RAM ,1.090
moto g(7) plus, Motorola Moto G G7 Plus Dual SIM 64 GB Índigo 4 GB RAM ,1.260
moto g(7) power, Motorola Moto G G7 Power 32 GB Marine blue 3 GB RAM ,1.248
moto z4,,
motorola one, Motorola One Hyper Dual SIM 128 GB Deepsea blue 4 GB RAM ,1.839
motorola one action, Motorola One Action Dual SIM 128 GB Pearl white 4 GB RAM ,1.579
motorola one vision, Motorola One Vision Dual SIM 128 GB Azul-safira 4 GB RAM ,1.649
motorola one zoom, Motorola One Zoom 128 GB Cinza-elétrico 4 GB RAM ,1.998
nova 2, Xiaomi Redmi Note 8 64gb + 4gb Ram - Versão Global ,1.529
nova 2 Plus, Apple iPhone 8 Plus 64 GB Ouro 3 GB RAM ,3.130
nova 2i, Celular Huawei Nova 2i ,600
nova 2s, Xiaomi Mi Mix 2s Dual Sim 64 Gb Preto 6 Gb Ram ,2.599
nova 3i, Celular Huawei Nova3i ,4.500
nova 4, Samsung Galaxy J2 Core Dual SIM 16 GB Prata (Lavanda) 1 GB RAM ,519
t1_8p0lte, Celular Motorola V60i Não É Nem Usa Chip. Enviamos T.brasil ,75
vivo 1724, Multilaser Flip Vita Dual SIM 32 MB Azul/Preto 32 MB RAM ,167
vivo X9, Multilaser Flip Vita Dual SIM 32 MB Azul/Preto 32 MB RAM ,167
vivo Y53, Multilaser Flip Vita Dual SIM 32 MB Azul/Preto 32 MB RAM ,167
